track_name,artist,album,release_date,popularity,spotify_url,id,duration_min
All The Stars (with SZA),Kendrick Lamar,Black Panther The Album Music From And Inspired By,09-02-2018,95,https://open.spotify.com/track/3GCdLUSnKSMJhs4Tj6CV3s,3GCdLUSnKSMJhs4Tj6CV3s,3.869766667
Starboy,The Weeknd,Starboy,25-11-2016,90,https://open.spotify.com/track/7MXVkk9YMctZqd1Srtv4MB,7MXVkk9YMctZqd1Srtv4MB,3.840883333
Señorita,Shawn Mendes,Señorita,21-06-2019,80,https://open.spotify.com/track/0TK2YIli7K1leLovkQiNik,0TK2YIli7K1leLovkQiNik,3.182666667
Heat Waves,Glass Animals,Dreamland,07-08-2020,87,https://open.spotify.com/track/3USxtqRwSYz57Ewm6wWRMp,3USxtqRwSYz57Ewm6wWRMp,3.980083333
Let Me Love You,DJ Snake,Encore,05-08-2016,87,https://open.spotify.com/track/0lYBSQXN6rCTvUZvg9S0lU,0lYBSQXN6rCTvUZvg9S0lU,3.432433333
La La La,Naughty Boy,La La La,01-01-2013,77,https://open.spotify.com/track/52gvlDnre9craz9dKGObp8,52gvlDnre9craz9dKGObp8,3.67965
Apocalypse,Cigarettes After Sex,Cigarettes After Sex,09-06-2017,73,https://open.spotify.com/track/0yc6Gst2xkRu0eMLeRMGCX,0yc6Gst2xkRu0eMLeRMGCX,4.8436
Good For You,Selena Gomez,Revival (Deluxe),09-10-2015,80,https://open.spotify.com/track/5xdVqHtFS0eLuNp4Z8Wbpa,5xdVqHtFS0eLuNp4Z8Wbpa,3.688
Baby,Justin Bieber,My World 2.0,01-01-2010,84,https://open.spotify.com/track/6epn3r7S14KUqlReYr77hA,6epn3r7S14KUqlReYr77hA,3.570666667
There's Nothing Holdin' Me Back,Shawn Mendes,Illuminate (Deluxe),20-04-2017,88,https://open.spotify.com/track/7JJmb5XwzOO8jgpou264Ml,7JJmb5XwzOO8jgpou264Ml,3.324
Believer,Imagine Dragons,Evolve,23-06-2017,88,https://open.spotify.com/track/0pqnGHJpmpxLKifKRmU6WP,0pqnGHJpmpxLKifKRmU6WP,3.405766667
Love Me Like You Do,Ellie Goulding,Fifty Shades Freed (Original Motion Picture Soundtrack),09-02-2018,81,https://open.spotify.com/track/0Cy7wt6IlRfBPHXXjmZbcP,0Cy7wt6IlRfBPHXXjmZbcP,4.225333333
Summertime Sadness,Lana Del Rey,Born To Die - The Paradise Edition,01-01-2012,85,https://open.spotify.com/track/3BJe4B8zGnqEdQPMvfVjuS,3BJe4B8zGnqEdQPMvfVjuS,4.423783333
Treat You Better,Shawn Mendes,Illuminate,20-04-2017,86,https://open.spotify.com/track/3QGsuHI8jO1Rx4JWLUh9jd,3QGsuHI8jO1Rx4JWLUh9jd,3.132883333
Blinding Lights,The Weeknd,Blinding Lights,11-09-2020,63,https://open.spotify.com/track/6qYkmqFsXbj8CQjAdbYz07,6qYkmqFsXbj8CQjAdbYz07,3.334083333
Jalebi Baby (Tesher x Jason Derulo),Tesher,Jalebi Baby (Tesher x Jason Derulo),28-05-2021,68,https://open.spotify.com/track/6FvSS3Goz7OC8oCC2eWqe8,6FvSS3Goz7OC8oCC2eWqe8,2.819233333
Sunflower - Spider-Man: Into the Spider-Verse,Post Malone,Spider-Man: Into the Spider-Verse (Soundtrack From & Inspired by the Motion Picture),14-12-2018,83,https://open.spotify.com/track/3KkXRkHbMCARz0aVfEt68P,3KkXRkHbMCARz0aVfEt68P,2.634
Despacito,Luis Fonsi,VIDA,01-02-2019,82,https://open.spotify.com/track/6habFhsOp2NvshLv26DqMb,6habFhsOp2NvshLv26DqMb,3.822666667
Sorry,Justin Bieber,Purpose (Deluxe),13-11-2015,86,https://open.spotify.com/track/09CtPGIpYB4BrO8qb1RGsF,09CtPGIpYB4BrO8qb1RGsF,3.346433333
Die For You,The Weeknd,Starboy,25-11-2016,81,https://open.spotify.com/track/2Ch7LmS7r2Gy2kc64wv3Bz,2Ch7LmS7r2Gy2kc64wv3Bz,4.337533333
No Lie,Sean Paul,Mad Love The Prequel,29-06-2018,84,https://open.spotify.com/track/48QmG1dfvMuYLxMPt7KSRA,48QmG1dfvMuYLxMPt7KSRA,3.686266667
Mockingbird,Eminem,Encore (Deluxe Version),12-11-2004,87,https://open.spotify.com/track/561jH07mF1jHuk7KlaeF0s,561jH07mF1jHuk7KlaeF0s,4.179333333
Ransom,Lil Tecca,We Love You Tecca,30-08-2019,87,https://open.spotify.com/track/1lOe9qE0vR9zwWQAOk6CoO,1lOe9qE0vR9zwWQAOk6CoO,2.187333333
Lover,Taylor Swift,Lover,23-08-2019,86,https://open.spotify.com/track/1dGr1c8CrMLDpV6mPbImSI,1dGr1c8CrMLDpV6mPbImSI,3.688433333
Save Your Tears,The Weeknd,After Hours,20-03-2020,87,https://open.spotify.com/track/5QO79kh1waicV47BqGRL3g,5QO79kh1waicV47BqGRL3g,3.593766667
On The Floor,Jennifer Lopez,Love?,29-04-2011,83,https://open.spotify.com/track/3C0nOe05EIt1390bVABLyN,3C0nOe05EIt1390bVABLyN,4.747766667
Diet Mountain Dew,Lana Del Rey,Born To Die - The Paradise Edition,01-01-2012,79,https://open.spotify.com/track/2vtmY2mSccRzKGjtcHSzI3,2vtmY2mSccRzKGjtcHSzI3,3.715333333
Harleys In Hawaii,Katy Perry,Harleys In Hawaii,16-10-2019,72,https://open.spotify.com/track/5nCthAh3jt4xKuLJAifAaR,5nCthAh3jt4xKuLJAifAaR,3.096916667
"Taki Taki (with Selena Gomez, Ozuna & Cardi B)",DJ Snake,"Taki Taki (with Selena Gomez, Ozuna & Cardi B)",28-09-2018,73,https://open.spotify.com/track/4w8niZpiMy6qz1mntFA5uM,4w8niZpiMy6qz1mntFA5uM,3.541666667
One Dance,Drake,Views,06-05-2016,62,https://open.spotify.com/track/5ZKG94fnjiuMH5yrC5S9lS,5ZKG94fnjiuMH5yrC5S9lS,2.89955
Counting Stars,OneRepublic,Native,01-01-2013,88,https://open.spotify.com/track/2tpWsVSb9UEmDRxAl1zhX1,2tpWsVSb9UEmDRxAl1zhX1,4.28775
lovely (with Khalid),Billie Eilish,lovely (with Khalid),19-04-2018,89,https://open.spotify.com/track/0u2P5u6lvoDfwTYjAADbn4,0u2P5u6lvoDfwTYjAADbn4,3.336416667
Reminder,The Weeknd,Starboy,25-11-2016,84,https://open.spotify.com/track/37F0uwRSrdzkBiuj0D5UHI,37F0uwRSrdzkBiuj0D5UHI,3.648
Without Me,Eminem,The Eminem Show,26-05-2002,89,https://open.spotify.com/track/7lQ8MOhq6IN2w8EYcFNSUk,7lQ8MOhq6IN2w8EYcFNSUk,4.838666667
Cruel Summer,Taylor Swift,Lover,23-08-2019,90,https://open.spotify.com/track/1BxfuPKGuaTgP7aM0Bbdwr,1BxfuPKGuaTgP7aM0Bbdwr,2.973766667
The Nights,Avicii,The Days / Nights,01-01-2014,86,https://open.spotify.com/track/0ct6r3EGTcMLPtrXHDvVjc,0ct6r3EGTcMLPtrXHDvVjc,2.9443
Animals,Maroon 5,V (Asia Tour Edition),18-05-2015,74,https://open.spotify.com/track/3h4T9Bg8OVSUYa6danHeH5,3h4T9Bg8OVSUYa6danHeH5,3.850216667
After Hours,The Weeknd,After Hours,20-03-2020,83,https://open.spotify.com/track/2p8IUWQDrpjuFltbdgLOag,2p8IUWQDrpjuFltbdgLOag,6.0171
Sunsetz,Cigarettes After Sex,Cigarettes After Sex,09-06-2017,69,https://open.spotify.com/track/0SpkyS1Q4MD8GaVcP5YjT4,0SpkyS1Q4MD8GaVcP5YjT4,3.585833333
Say Yes To Heaven,Lana Del Rey,Say Yes To Heaven,19-05-2023,86,https://open.spotify.com/track/6GGtHZgBycCgGBUhZo81xe,6GGtHZgBycCgGBUhZo81xe,3.485933333
Memories,Maroon 5,JORDI (Deluxe),11-06-2021,85,https://open.spotify.com/track/4cktbXiXOapiLBMprHFErI,4cktbXiXOapiLBMprHFErI,3.1581
Blank Space,Taylor Swift,1989 (Deluxe),01-01-2014,83,https://open.spotify.com/track/1u8c2t2Cy7UBoG4ArRcF5g,1u8c2t2Cy7UBoG4ArRcF5g,3.863766667
Bones,Imagine Dragons,Bones,11-03-2022,77,https://open.spotify.com/track/0HqZX76SFLDz2aW8aiqi7G,0HqZX76SFLDz2aW8aiqi7G,2.7544
K.,Cigarettes After Sex,K.,15-11-2016,41,https://open.spotify.com/track/3Mlhgm39yBpuCwyZB8d8Md,3Mlhgm39yBpuCwyZB8d8Md,5.326
Danza Kuduro,Don Omar,Meet The Orphans,01-01-2010,79,https://open.spotify.com/track/6DXLO8LndZMVOHM0wNbpzg,6DXLO8LndZMVOHM0wNbpzg,3.3131
Ghost,Justin Bieber,Justice,19-03-2021,85,https://open.spotify.com/track/6I3mqTwhRpn34SLVafSH7G,6I3mqTwhRpn34SLVafSH7G,2.553166667
Circles,Post Malone,Hollywood's Bleeding,06-09-2019,87,https://open.spotify.com/track/21jGcNKet2qwijlDFuPiPb,21jGcNKet2qwijlDFuPiPb,3.588
Thunder,Imagine Dragons,Evolve,23-06-2017,86,https://open.spotify.com/track/1zB4vmk8tFRmM9UULNzbLB,1zB4vmk8tFRmM9UULNzbLB,3.1191
Cry,Cigarettes After Sex,Cry,25-10-2019,75,https://open.spotify.com/track/3p4hRhMcb6ch8OLtATMaLw,3p4hRhMcb6ch8OLtATMaLw,4.279983333
God's Plan,Drake,Scorpion,29-06-2018,84,https://open.spotify.com/track/6DCZcSspjsKoFjzjrWoCdn,6DCZcSspjsKoFjzjrWoCdn,3.316216667
Young And Beautiful,Lana Del Rey,Young And Beautiful,01-01-2013,88,https://open.spotify.com/track/2nMeu6UenVvwUktBCpLMK9,2nMeu6UenVvwUktBCpLMK9,3.934216667
Call Out My Name,The Weeknd,"My Dear Melancholy,",30-03-2018,86,https://open.spotify.com/track/09mEdoA6zrmBPgTEN5qXmN,09mEdoA6zrmBPgTEN5qXmN,3.806216667
Demons,Imagine Dragons,Night Visions,04-09-2012,85,https://open.spotify.com/track/5qaEfEh1AtSdrdrByCP7qR,5qaEfEh1AtSdrdrByCP7qR,2.958433333
Hurts So Good,Astrid S,Astrid S,20-05-2016,70,https://open.spotify.com/track/46ydq5g3k17iLJs3qMDvO6,46ydq5g3k17iLJs3qMDvO6,3.4788
One Love,Blue,One Love,2002,67,https://open.spotify.com/track/2W5acFzXf5FrktecuD30Or,2W5acFzXf5FrktecuD30Or,3.4531
The Hills,The Weeknd,Beauty Behind The Madness,28-08-2015,87,https://open.spotify.com/track/7fBv7CLKzipRk6EC6TWHOB,7fBv7CLKzipRk6EC6TWHOB,4.03755
Arcade,Duncan Laurence,Arcade,07-03-2019,77,https://open.spotify.com/track/1Xi84slp6FryDSCbzq4UCD,1Xi84slp6FryDSCbzq4UCD,3.0604
Love Yourself,Justin Bieber,Purpose (Deluxe),13-11-2015,86,https://open.spotify.com/track/50kpGaPAhYJ3sGmk6vplg0,50kpGaPAhYJ3sGmk6vplg0,3.895333333
Hope,XXXTENTACION,?,16-03-2018,84,https://open.spotify.com/track/2ZRo7axmMPeSVUvDbGkJah,2ZRo7axmMPeSVUvDbGkJah,1.8481
Elastic Heart,Sia,1000 Forms Of Fear,04-07-2014,81,https://open.spotify.com/track/6kwAbEjseqBob48jCus7Sz,6kwAbEjseqBob48jCus7Sz,4.286666667
Hips Don't Lie (feat. Wyclef Jean),Shakira,"Oral Fixation, Vol. 2 (Expanded Edition)",28-11-2005,88,https://open.spotify.com/track/3ZFTkvIE7kyPt6Nu3PEa7V,3ZFTkvIE7kyPt6Nu3PEa7V,3.634883333
Summer Love,Justin Timberlake,FutureSex/LoveSounds,12-09-2006,71,https://open.spotify.com/track/1MBM7CyZbwJpVbbZJnHHRg,1MBM7CyZbwJpVbbZJnHHRg,4.216216667
I Want It That Way,Backstreet Boys,The New Best Of (All Hits & Remixes) 2016,03-06-2016,0,https://open.spotify.com/track/7v0kHF6tXT8ekVrJAbxpph,7v0kHF6tXT8ekVrJAbxpph,3.55
What Goes Around.../...Comes Around (Interlude),Justin Timberlake,FutureSex/LoveSounds,12-09-2006,77,https://open.spotify.com/track/3pD0f7hSJg2XdQ6udw5Tey,3pD0f7hSJg2XdQ6udw5Tey,7.476216667
Mirrors,Justin Timberlake,The 20/20 Experience - The Complete Experience,27-09-2013,0,https://open.spotify.com/track/3V2xoX4Ap0ZX9WN8ckSlD4,3V2xoX4Ap0ZX9WN8ckSlD4,8.0691
Cry Me a River,Justin Timberlake,Justified,04-11-2002,78,https://open.spotify.com/track/7Lf7oSEVdzZqTA0kEDSlS5,7Lf7oSEVdzZqTA0kEDSlS5,4.80555
Unconditionally,Katy Perry,PRISM,01-01-2013,0,https://open.spotify.com/track/6OaYLWpreRh9EoLYwrS75P,6OaYLWpreRh9EoLYwrS75P,3.814633333
Buttons,The Pussycat Dolls,PCD Tour Edition (International Tour Edition),01-01-2005,0,https://open.spotify.com/track/7ev8HQ5RrmyzgOH0R05ZY9,7ev8HQ5RrmyzgOH0R05ZY9,3.759333333
The One That Got Away,Katy Perry,Teenage Dream: The Complete Confection,12-03-2012,74,https://open.spotify.com/track/3oL3XRtkP1WVbMxf7dtTdu,3oL3XRtkP1WVbMxf7dtTdu,3.788883333
E.T.,Katy Perry,Teenage Dream: The Complete Confection,12-03-2012,71,https://open.spotify.com/track/4z8ssgZfs5TzKiO8HaGWXO,4z8ssgZfs5TzKiO8HaGWXO,3.43955
Umbrella,Rihanna,Good Girl Gone Bad: Reloaded,31-03-2007,68,https://open.spotify.com/track/5i66xrvSh1MjjyDd6zcwgj,5i66xrvSh1MjjyDd6zcwgj,4.599766667
Don't Phunk With My Heart,Black Eyed Peas,Monkey Business (International Version),01-01-2005,0,https://open.spotify.com/track/75fscz2R984pg4bmyP1Q53,75fscz2R984pg4bmyP1Q53,3.996216667
My Humps,Black Eyed Peas,Monkey Business (International Version),01-01-2005,0,https://open.spotify.com/track/2tVouQintSo2ffjVgnv6Sh,2tVouQintSo2ffjVgnv6Sh,5.449333333
Low (feat. T-Pain),Flo Rida,Mail on Sunday,17-03-2008,85,https://open.spotify.com/track/0CAfXk7DXMnon4gLudAp7J,0CAfXk7DXMnon4gLudAp7J,3.856666667
Halo,Beyoncé,I AM...SASHA FIERCE,14-11-2008,69,https://open.spotify.com/track/3ERa3mEeOnrh2Mc47qM6T1,3ERa3mEeOnrh2Mc47qM6T1,4.360666667
TiK ToK,Kesha,Animal + Cannibal (Deluxe Edition),19-11-2010,0,https://open.spotify.com/track/4srpHYFHKjVGRDNHqRpWxi,4srpHYFHKjVGRDNHqRpWxi,3.328216667
Grenade,Bruno Mars,Doo-Wops & Hooligans,11-05-2010,80,https://open.spotify.com/track/2tJulUYLDKOg9XrtVkMgcJ,2tJulUYLDKOg9XrtVkMgcJ,3.701516667
Payphone,Maroon 5,Payphone,01-01-2012,0,https://open.spotify.com/track/0iyEaciAmtiv8xMkBg97Fy,0iyEaciAmtiv8xMkBg97Fy,3.857766667
Stereo Hearts (feat. Adam Levine),Gym Class Heroes,The Papercut Chronicles II,11-11-2011,83,https://open.spotify.com/track/0qOnSQQF0yzuPWsXrQ9paz,0qOnSQQF0yzuPWsXrQ9paz,3.516
Bang Bang,Jessie J,My Everything (Deluxe),22-08-2014,0,https://open.spotify.com/track/3oEekS4xhmFQ88ieCVTZ7H,3oEekS4xhmFQ88ieCVTZ7H,3.322
Dangerous Woman,Ariana Grande,Dangerous Woman,20-05-2016,6,https://open.spotify.com/track/2h1IPjP471JJRSShTHRUhi,2h1IPjP471JJRSShTHRUhi,3.932433333
Let Me Love You (Until You Learn To Love Yourself),Ne-Yo,R.E.D. (Deluxe Edition),01-01-2012,71,https://open.spotify.com/track/4kte3OcW800TPvOVgrLLj8,4kte3OcW800TPvOVgrLLj8,4.193766667
Beautiful Girls,Sean Kingston,Beautiful Girls,23-07-2007,81,https://open.spotify.com/track/1hGy2eLcmC8eKx7qr1tOqx,1hGy2eLcmC8eKx7qr1tOqx,3.756216667
Yellow,Coldplay,Parachutes,10-07-2000,92,https://open.spotify.com/track/3AJwUDP919kvQ9QcozQPxg,3AJwUDP919kvQ9QcozQPxg,4.446216667
Bring Me To Life,Evanescence,Fallen,01-01-2003,8,https://open.spotify.com/track/646J2jOtUe4Jflrmh6JFjN,646J2jOtUe4Jflrmh6JFjN,3.93155
Every time we touch,Cascada,Everytime We Touch [Premium Edition],2006,2,https://open.spotify.com/track/2gOlrge3YTmYPwsCGgU62K,2gOlrge3YTmYPwsCGgU62K,3.2854
Apologize,Timbaland,Dreaming Out Loud (International Version),01-01-2007,0,https://open.spotify.com/track/24nRdDUUIdM2mv1YdwMdu6,24nRdDUUIdM2mv1YdwMdu6,3.080433333
Bailando - English Version,Enrique Iglesias,Bailando,01-01-2014,0,https://open.spotify.com/track/3Y9xtYyVyF13po6xePV5Cp,3Y9xtYyVyF13po6xePV5Cp,4.03885
Chandelier,Sia,1000 Forms Of Fear,04-07-2014,83,https://open.spotify.com/track/4VrWlk8IQxevMvERoX08iC,4VrWlk8IQxevMvERoX08iC,3.602
As Long as You Love Me,Backstreet Boys,Backstreet's Back,09-10-1997,0,https://open.spotify.com/track/6bH2owMgMDNW6zygbotS49,6bH2owMgMDNW6zygbotS49,3.6851
Royals,Lorde,Pure Heroine,27-09-2013,78,https://open.spotify.com/track/2dLLR6qlu5UJ5gk0dKz0h3,2dLLR6qlu5UJ5gk0dKz0h3,3.16975
Maps,Maroon 5,V,02-09-2014,85,https://open.spotify.com/track/4gbVRS8gloEluzf0GzDOFc,4gbVRS8gloEluzf0GzDOFc,3.166
Don't You Worry Child - Radio Edit,Swedish House Mafia,Don't You Worry Child,14-09-2012,82,https://open.spotify.com/track/2V65y3PX4DkRhy1djlxd9p,2V65y3PX4DkRhy1djlxd9p,3.5477
Only Girl (In The World),Rihanna,Loud,16-11-2010,75,https://open.spotify.com/track/0AH6WMe3OlAlUb5miXt2FQ,0AH6WMe3OlAlUb5miXt2FQ,3.924883333
Titanium (feat. Sia),David Guetta,Nothing but the Beat,31-08-2011,59,https://open.spotify.com/track/77TT8Xvx637TpzV8kKGkUw,77TT8Xvx637TpzV8kKGkUw,4.084
Airplanes (feat. Hayley Williams of Paramore),B.o.B,B.o.B Presents: The Adventures of Bobby Ray,27-04-2010,76,https://open.spotify.com/track/6lV2MSQmRIkycDScNtrBXO,6lV2MSQmRIkycDScNtrBXO,3.008
Photograph,Ed Sheeran,x (Deluxe Edition),21-06-2014,88,https://open.spotify.com/track/1HNkqx9Ahdgi1Ixy2xkKkL,1HNkqx9Ahdgi1Ixy2xkKkL,4.316433333
Stitches,Shawn Mendes,Handwritten,14-04-2015,13,https://open.spotify.com/track/3zkWCteF82vJwv0hRLba76,3zkWCteF82vJwv0hRLba76,3.448
Stone Cold,Demi Lovato,Confident,01-01-2015,66,https://open.spotify.com/track/3by8IfnW9dZ2t4pZw1WVxz,3by8IfnW9dZ2t4pZw1WVxz,3.18845
I'm Not The Only One,Sam Smith,In The Lonely Hour (Deluxe Edition),01-01-2014,0,https://open.spotify.com/track/1VbhR6D6zUoSTBzvnRonXO,1VbhR6D6zUoSTBzvnRonXO,3.9886
7 Years,Lukas Graham,7 Years,22-10-2015,0,https://open.spotify.com/track/2vDT1uU6hZgdp3PbWGr0Xy,2vDT1uU6hZgdp3PbWGr0Xy,3.955
Demons,Imagine Dragons,Night Visions,04-09-2012,75,https://open.spotify.com/track/3LlAyCYU26dvFZBDUIMb7a,3LlAyCYU26dvFZBDUIMb7a,2.92
Beautiful,Christina Aguilera,Stripped,19-07-2002,70,https://open.spotify.com/track/3TCauNPqFiniaYHBvEVoHG,3TCauNPqFiniaYHBvEVoHG,3.976
PILLOWTALK,ZAYN,PILLOWTALK,29-01-2016,64,https://open.spotify.com/track/0IKK48xF4eEdfofyaeKWWO,0IKK48xF4eEdfofyaeKWWO,3.394766667
Writing's On The Wall,Sam Smith,Writing's On The Wall,25-09-2015,0,https://open.spotify.com/track/4oWmroatZtMmlgc3havMrv,4oWmroatZtMmlgc3havMrv,4.649783333
Ass Back Home (feat. Neon Hitch),Gym Class Heroes,R&B Anthems,31-10-2014,0,https://open.spotify.com/track/5ZAHoP2IiMIFmAl4G2RJML,5ZAHoP2IiMIFmAl4G2RJML,3.70355
Lighters,Bad Meets Evil,Hell: The Sequel (Deluxe),01-01-2011,0,https://open.spotify.com/track/4BWBbJ9MKpnt30SFYEomzJ,4BWBbJ9MKpnt30SFYEomzJ,5.06355
Mirror,Lil Wayne,Tha Carter IV (Deluxe),01-01-2011,1,https://open.spotify.com/track/6MreoQf8oixWI2xRcw3Fv1,6MreoQf8oixWI2xRcw3Fv1,3.80155
Diamonds,Rihanna,Unapologetic (Deluxe),11-12-2012,77,https://open.spotify.com/track/6O20JhBJPePEkBdrB5sqRx,6O20JhBJPePEkBdrB5sqRx,3.752433333
Smack That,Akon,Konvicted,2006,6,https://open.spotify.com/track/3qKGvSu1inEZKwYQnMavNA,3qKGvSu1inEZKwYQnMavNA,3.539333333
jar of hearts,Christina Perri,lovestrong.,10-05-2011,76,https://open.spotify.com/track/0HZhYMZOcUzZKSFwPOti6m,0HZhYMZOcUzZKSFwPOti6m,4.109783333
When You're Gone,Avril Lavigne,The Best Damn Thing,13-04-2007,0,https://open.spotify.com/track/4kxND2rbPDrdb7Sgoo1Fbh,4kxND2rbPDrdb7Sgoo1Fbh,4.008216667
Dark Horse,Katy Perry,PRISM,01-01-2013,0,https://open.spotify.com/track/3dcnygRsyW2U390tK79Ck5,3dcnygRsyW2U390tK79Ck5,3.594533333
Dangerously In Love,Beyoncé,Dangerously In Love,24-06-2003,61,https://open.spotify.com/track/0KFuXEdOp5QfIfxHR6TJSm,0KFuXEdOp5QfIfxHR6TJSm,4.88555
"Hey Mama (feat. Nicki Minaj, Bebe Rexha & Afrojack)",David Guetta,Listen,10-11-2014,75,https://open.spotify.com/track/285HeuLxsngjFn4GGegGNm,285HeuLxsngjFn4GGegGNm,3.209333333
Heart Attack,Demi Lovato,Demi,01-01-2013,0,https://open.spotify.com/track/0KS8IY5kiBOOnkR5OJKv7K,0KS8IY5kiBOOnkR5OJKv7K,3.514
Give Your Heart A Break,Demi Lovato,Unbroken,01-01-2011,0,https://open.spotify.com/track/3YC0Pq7V472TbM1zFzUcOh,3YC0Pq7V472TbM1zFzUcOh,3.422433333
Dance Again,Jennifer Lopez,Dance Again,02-04-2012,1,https://open.spotify.com/track/1vqT6w3wtW3UoF2JQOFqws,1vqT6w3wtW3UoF2JQOFqws,3.954433333
Drive By,Train,Drive By,10-01-2012,1,https://open.spotify.com/track/1wAXODAAL6hY64ZdhrnjBO,1wAXODAAL6hY64ZdhrnjBO,3.2771
Radioactive,Imagine Dragons,Hear Me EP,01-01-2012,39,https://open.spotify.com/track/0Yo8GhK9HEaeIZetPARrW9,0Yo8GhK9HEaeIZetPARrW9,3.135333333
Mr. Saxobeat,Mr Saxobeat,Mr. Saxobeat (Tribute),15-04-2012,12,https://open.spotify.com/track/3mu3z6NdgIldPb0BTKAUDF,3mu3z6NdgIldPb0BTKAUDF,3.307083333
Bleeding Love,Leona Lewis,Spirit,2007,80,https://open.spotify.com/track/7wZUrN8oemZfsEd1CGkbXE,7wZUrN8oemZfsEd1CGkbXE,4.374433333
Glad You Came,The Wanted,Battleground (Deluxe Edition),01-01-2011,78,https://open.spotify.com/track/5yDL13y5giogKs2fSNf7sj,5yDL13y5giogKs2fSNf7sj,3.298916667
Love The Way You Lie,Eminem,Recovery,18-06-2010,86,https://open.spotify.com/track/15JINEqzVMv3SvJTAXAKED,15JINEqzVMv3SvJTAXAKED,4.38955
Love The Way You Lie (Part II) - Pt. 2,Rihanna,Loud,16-11-2010,69,https://open.spotify.com/track/6M6lsQB4OhqL41eld29PeC,6M6lsQB4OhqL41eld29PeC,4.9371
Stronger (What Doesn't Kill You),Kelly Clarkson,Stronger (Deluxe Version),24-10-2011,77,https://open.spotify.com/track/1nInOsHbtotAmEOQhtvnzP,1nInOsHbtotAmEOQhtvnzP,3.6991
Just the Way You Are,Bruno Mars,Doo-Wops & Hooligans,11-05-2010,89,https://open.spotify.com/track/7BqBn9nzAq8spo5e7cZ0dJ,7BqBn9nzAq8spo5e7cZ0dJ,3.6789
Just Give Me a Reason (feat. Nate Ruess),P!nk,The Truth About Love,18-09-2012,86,https://open.spotify.com/track/1mKXFLRA179hdOWQBwUk9e,1mKXFLRA179hdOWQBwUk9e,4.04555
I Knew You Were Trouble.,Taylor Swift,Red (Big Machine Radio Release Special),22-10-2012,78,https://open.spotify.com/track/6FB3v4YcR57y4tXFcdxI1E,6FB3v4YcR57y4tXFcdxI1E,3.662
Domino,Jessie J,Who You Are (Platinum Edition),01-01-2011,79,https://open.spotify.com/track/2fQxE0jVrjNMT9oJAXtSJR,2fQxE0jVrjNMT9oJAXtSJR,3.864
Chasing The Sun,The Wanted,Word Of Mouth,01-01-2013,18,https://open.spotify.com/track/1AmsmRgQffh5Cu7R0CKLIO,1AmsmRgQffh5Cu7R0CKLIO,3.25695
Warzone,The Wanted,The Wanted (Special Edition),01-01-2012,25,https://open.spotify.com/track/03OxsxT49CJva3c0HamCO7,03OxsxT49CJva3c0HamCO7,3.6391
Lightning,The Wanted,The Wanted (Special Edition),01-01-2012,25,https://open.spotify.com/track/1GbJ41rEFbOx5s4h1zB7Or,1GbJ41rEFbOx5s4h1zB7Or,3.396
Beep,The Pussycat Dolls,PCD,01-01-2005,61,https://open.spotify.com/track/6GHMJJjpoqiBnw3wgSplL7,6GHMJJjpoqiBnw3wgSplL7,3.822666667
Complicated,Avril Lavigne,Let Go,04-06-2002,85,https://open.spotify.com/track/5xEM5hIgJ1jjgcEBfpkt2F,5xEM5hIgJ1jjgcEBfpkt2F,4.0751
Girlfriend,Avril Lavigne,The Best Damn Thing (Expanded Edition),17-04-2007,78,https://open.spotify.com/track/45hOioMDJktr86iKDHC8gr,45hOioMDJktr86iKDHC8gr,3.61
Sk8er Boi,Avril Lavigne,Let Go,04-06-2002,80,https://open.spotify.com/track/00Mb3DuaIH1kjrwOku9CGU,00Mb3DuaIH1kjrwOku9CGU,3.4
Here's to Never Growing Up,Avril Lavigne,Avril Lavigne (Expanded Edition),01-11-2013,69,https://open.spotify.com/track/0qwcGscxUHGZTgq0zcaqk1,0qwcGscxUHGZTgq0zcaqk1,3.572
You're Beautiful,James Blunt,Back to Bedlam,08-08-2005,79,https://open.spotify.com/track/0vg4WnUWvze6pBOJDTq99k,0vg4WnUWvze6pBOJDTq99k,3.49155
Black Widow,Iggy Azalea,Frat Party,09-08-2019,28,https://open.spotify.com/track/13idHd4iXnaPZCuALiAcPS,13idHd4iXnaPZCuALiAcPS,3.490383333
I Can Do Better,Avril Lavigne,The Best Damn Thing (Expanded Edition),17-04-2007,49,https://open.spotify.com/track/5kyqKoOnHwvxk0bZLeK1kr,5kyqKoOnHwvxk0bZLeK1kr,3.2551
Runaway,Avril Lavigne,The Best Damn Thing (Expanded Edition),17-04-2007,49,https://open.spotify.com/track/3lxrdos6O9eZit1KMfz9A1,3lxrdos6O9eZit1KMfz9A1,3.798883333
The Best Damn Thing,Avril Lavigne,The Best Damn Thing (Expanded Edition),17-04-2007,56,https://open.spotify.com/track/7lmX3dD2Xy13Jo1oCTR4ot,7lmX3dD2Xy13Jo1oCTR4ot,3.153333333
When You're Gone,Avril Lavigne,The Best Damn Thing (Expanded Edition),17-04-2007,71,https://open.spotify.com/track/54JKnDB3CzVu8wNAOM27BI,54JKnDB3CzVu8wNAOM27BI,4.008216667
Everything Back But You,Avril Lavigne,The Best Damn Thing (Expanded Edition),17-04-2007,46,https://open.spotify.com/track/6a1X8nNiPyVQYyzCDW9Ine,6a1X8nNiPyVQYyzCDW9Ine,3.0351
Hot,Avril Lavigne,The Best Damn Thing (Expanded Edition),17-04-2007,63,https://open.spotify.com/track/6z7fZRrQfOH3ZjWEkC4QhC,6z7fZRrQfOH3ZjWEkC4QhC,3.382883333
Innocence,Avril Lavigne,The Best Damn Thing (Expanded Edition),17-04-2007,58,https://open.spotify.com/track/5OuP08bgU2H7ZeDQQFQ6q8,5OuP08bgU2H7ZeDQQFQ6q8,3.87
I Don't Have To Try,Avril Lavigne,The Best Damn Thing (Expanded Edition),17-04-2007,43,https://open.spotify.com/track/21zXru0J6n2em6MC61dVYE,21zXru0J6n2em6MC61dVYE,3.287766667
One of Those Girls,Avril Lavigne,The Best Damn Thing (Expanded Edition),17-04-2007,45,https://open.spotify.com/track/4Ib7GwWqc37GWVermwR4OV,4Ib7GwWqc37GWVermwR4OV,2.924883333
Contagious,Avril Lavigne,The Best Damn Thing (Expanded Edition),17-04-2007,45,https://open.spotify.com/track/0xMbfVm5z0Q1VdnYvox460,0xMbfVm5z0Q1VdnYvox460,2.151083333
Keep Holding On,Avril Lavigne,The Best Damn Thing (Expanded Edition),17-04-2007,65,https://open.spotify.com/track/4UPcXTh26ilb7owtuyHqNI,4UPcXTh26ilb7owtuyHqNI,3.998433333
Alone,Avril Lavigne,The Best Damn Thing (Expanded Edition),17-04-2007,42,https://open.spotify.com/track/7CUPfpfuPwjicclWi4qKH4,7CUPfpfuPwjicclWi4qKH4,3.228666667
I Will Be,Avril Lavigne,The Best Damn Thing (Expanded Edition),17-04-2007,51,https://open.spotify.com/track/1ERza8JzFin9c3Keo8XQEX,1ERza8JzFin9c3Keo8XQEX,3.994883333
I Can Do Better - Acoustic Version,Avril Lavigne,The Best Damn Thing (Expanded Edition),17-04-2007,37,https://open.spotify.com/track/1K2LIONKyqMuYU6aPNEhR1,1K2LIONKyqMuYU6aPNEhR1,3.652433333
Girlfriend - The Submarines' Time Warp '66 Mix - English,Avril Lavigne,The Best Damn Thing (Expanded Edition),17-04-2007,34,https://open.spotify.com/track/4TOX8K8H3tJaKU6mXqiPN0,4TOX8K8H3tJaKU6mXqiPN0,3.18
Girlfriend (feat. Lil Mama) - Dr. Luke Mix,Avril Lavigne,The Best Damn Thing (Expanded Edition),17-04-2007,50,https://open.spotify.com/track/1wwt0TvrGY3lnvTAVIx8mO,1wwt0TvrGY3lnvTAVIx8mO,3.414433333
Wild Ones (feat. Sia),Flo Rida,Wild Ones,22-06-2012,83,https://open.spotify.com/track/1NpW5kyvO4XrNJ3rnfcNy3,1NpW5kyvO4XrNJ3rnfcNy3,3.882433333
Falling,Trevor Daniel,Nicotine,26-03-2020,2,https://open.spotify.com/track/2rRJrJEo19S2J82BDsQ3F7,2rRJrJEo19S2J82BDsQ3F7,2.65635
Astronaut In The Ocean,Masked Wolf,Astronaut In The Ocean (International Remixes),01-01-2019,55,https://open.spotify.com/track/0BGwAKW4u8kWOhWFflZxfl,0BGwAKW4u8kWOhWFflZxfl,2.213
Let Me Down Slowly,Alec Benjamin,Narrated For You,16-11-2018,83,https://open.spotify.com/track/2qxmye6gAegTMjLKEBoR3d,2qxmye6gAegTMjLKEBoR3d,2.82255
2002,Anne-Marie,Speak Your Mind (Deluxe),27-04-2018,82,https://open.spotify.com/track/2BgEsaKNfHUdlh97KmvFyo,2BgEsaKNfHUdlh97KmvFyo,3.116433333
Shape of You,Ed Sheeran,÷ (Deluxe),03-03-2017,90,https://open.spotify.com/track/7qiZfU4dY1lWllzX7mPBI3,7qiZfU4dY1lWllzX7mPBI3,3.8952
Despacito - Remix,Luis Fonsi,VIDA,01-02-2019,72,https://open.spotify.com/track/1vnnXMrBeEWiRg3YCMCjQq,1vnnXMrBeEWiRg3YCMCjQq,3.840216667
Faded,Alan Walker,Different World,14-12-2018,82,https://open.spotify.com/track/698ItKASDavgwZ3WjaWjtz,698ItKASDavgwZ3WjaWjtz,3.5351
Mood (feat. iann dior),24kGoldn,El Dorado,26-03-2021,79,https://open.spotify.com/track/4jPy3l0RUwlUI9T5XHBW2m,4jPy3l0RUwlUI9T5XHBW2m,2.342216667
Memories,Maroon 5,Memories,20-09-2019,33,https://open.spotify.com/track/2b8fOow8UzyDFAE27YhOZM,2b8fOow8UzyDFAE27YhOZM,3.1581
Cheap Thrills (feat. Sean Paul),Sia,This Is Acting,18-02-2016,76,https://open.spotify.com/track/378iszndTZAR4dH8kwsLC6,378iszndTZAR4dH8kwsLC6,3.746883333
Beautiful (feat. Camila Cabello),Bazzi,Beautiful (feat. Camila Cabello),02-08-2018,73,https://open.spotify.com/track/4VUwkH455At9kENOfzTqmF,4VUwkH455At9kENOfzTqmF,3
I'm a Mess,Bebe Rexha,Expectations,22-06-2018,71,https://open.spotify.com/track/04ZTP5KsCypmtCmQg5tH9R,04ZTP5KsCypmtCmQg5tH9R,3.25865
None Of My Business,Cher Lloyd,None Of My Business,19-10-2018,59,https://open.spotify.com/track/2SPEg45ZaUFJCg9GwNmRvw,2SPEg45ZaUFJCg9GwNmRvw,3.066733333
Blinding Lights,The Weeknd,After Hours,20-03-2020,90,https://open.spotify.com/track/0VjIjW4GlUZAMYd2vXMi3b,0VjIjW4GlUZAMYd2vXMi3b,3.334
Don't Start Now,Dua Lipa,Future Nostalgia,27-03-2020,83,https://open.spotify.com/track/3PfIrDoz19wz7qK7tYeu62,3PfIrDoz19wz7qK7tYeu62,3.054833333
Break My Heart,Dua Lipa,Future Nostalgia,27-03-2020,78,https://open.spotify.com/track/017PF4Q3l4DBUiWoXk4OWT,017PF4Q3l4DBUiWoXk4OWT,3.697
I Like Him,Princess Nokia,Everything Sucks,26-02-2020,59,https://open.spotify.com/track/68UU9oaQtMDnh6PRlW842H,68UU9oaQtMDnh6PRlW842H,2.20755
Levitating (feat. DaBaby),Dua Lipa,Future Nostalgia,27-03-2020,83,https://open.spotify.com/track/5nujrmhLynf4yMoMtj8AQF,5nujrmhLynf4yMoMtj8AQF,3.3844
MONTERO (Call Me By Your Name),Lil Nas X,MONTERO (Call Me By Your Name),31-03-2021,72,https://open.spotify.com/track/67BtfxlNbhBmCDR2L2l8qd,67BtfxlNbhBmCDR2L2l8qd,2.297916667
Kiss Me More (feat. SZA),Doja Cat,Kiss Me More (feat. SZA),09-04-2021,47,https://open.spotify.com/track/748mdHapucXQri7IAO8yFK,748mdHapucXQri7IAO8yFK,3.4811
Liar,Camila Cabello,Romance,06-12-2019,64,https://open.spotify.com/track/073ILU1C3APNRGF66VhtyA,073ILU1C3APNRGF66VhtyA,3.450633333
New Rules,Dua Lipa,Dua Lipa (Complete Edition),2015,62,https://open.spotify.com/track/2xJCMIJfcNYDc5iR0sAm2O,2xJCMIJfcNYDc5iR0sAm2O,3.488666667
Can We Kiss Forever?,Kina,Can We Kiss Forever?,31-08-2018,73,https://open.spotify.com/track/58wyJLv6yH1La9NIZPl3ne,58wyJLv6yH1La9NIZPl3ne,3.132183333
Kings & Queens,Ava Max,Heaven & Hell,18-09-2020,80,https://open.spotify.com/track/7a53HqqArd4b9NF4XAmlbI,7a53HqqArd4b9NF4XAmlbI,2.706633333
The Middle,Zedd,The Middle,23-01-2018,80,https://open.spotify.com/track/09IStsImFySgyp0pIQdqAc,09IStsImFySgyp0pIQdqAc,3.078866667
Meant to Be (feat. Florida Georgia Line),Bebe Rexha,Expectations,22-06-2018,74,https://open.spotify.com/track/4e4fqjx0Izh4svvTef1z7e,4e4fqjx0Izh4svvTef1z7e,2.73675
Be Kind (with Halsey),Marshmello,Be Kind (with Halsey),01-05-2020,73,https://open.spotify.com/track/3Z8FwOEN59mRMxDCtb8N0A,3Z8FwOEN59mRMxDCtb8N0A,2.87935
Sucker,Jonas Brothers,Happiness Begins,07-06-2019,80,https://open.spotify.com/track/22vgEDb5hykfaTwLuskFGD,22vgEDb5hykfaTwLuskFGD,3.0171
bad guy,Billie Eilish,"WHEN WE ALL FALL ASLEEP, WHERE DO WE GO?",29-03-2019,83,https://open.spotify.com/track/2Fxmhks0bxGSBdJ92vM42m,2Fxmhks0bxGSBdJ92vM42m,3.234783333
What If I Told You That I Love You,Ali Gatie,The Idea Of Her,26-03-2021,66,https://open.spotify.com/track/6USdi8uX5GNAPYziFhisHb,6USdi8uX5GNAPYziFhisHb,3.227783333
Dancing in My Room,347aidan,Dancing in My Room,26-10-2020,67,https://open.spotify.com/track/6Pgmqg15yVexuOgtzuxwoX,6Pgmqg15yVexuOgtzuxwoX,3.0023
Heartbreak Anniversary,GIVĒON,TAKE TIME,27-03-2020,81,https://open.spotify.com/track/3FAJ6O0NOHQV8Mc5Ri6ENp,3FAJ6O0NOHQV8Mc5Ri6ENp,3.306166667
Send My Love (To Your New Lover),Adele,25,20-11-2015,77,https://open.spotify.com/track/563SfWAHJs4FBZMkRN0IFN,563SfWAHJs4FBZMkRN0IFN,3.717966667
Say My Name,David Guetta,7,14-09-2018,68,https://open.spotify.com/track/0YammaEkYSeo9vQYZ1OwS6,0YammaEkYSeo9vQYZ1OwS6,3.315766667
I Like It,Cardi B,Invasion of Privacy,06-04-2018,78,https://open.spotify.com/track/58q2HKrzhC3ozto2nDdN4z,58q2HKrzhC3ozto2nDdN4z,4.223166667
Happier,Marshmello,Happier,17-08-2018,17,https://open.spotify.com/track/2dpaYNEQHiRxtZbfNsse99,2dpaYNEQHiRxtZbfNsse99,3.571483333
Hate Me (with Juice WRLD),Ellie Goulding,Hate Me (with Juice WRLD),26-06-2019,70,https://open.spotify.com/track/6kls8cSlUyHW2BUOkDJIZE,6kls8cSlUyHW2BUOkDJIZE,3.103716667
It's You,Ali Gatie,YOU,08-11-2019,76,https://open.spotify.com/track/5DqdesEfbRyOlSS3Tf6c29,5DqdesEfbRyOlSS3Tf6c29,3.543433333
WITHOUT YOU,The Kid LAROI,F*CK LOVE (SAVAGE),06-11-2020,6,https://open.spotify.com/track/27OeeYzk6klgBh83TSvGMA,27OeeYzk6klgBh83TSvGMA,2.689733333
Goodbyes (feat. Young Thug),Post Malone,Hollywood's Bleeding,06-09-2019,77,https://open.spotify.com/track/0t3ZvGKlmYmVsDzBJAXK8C,0t3ZvGKlmYmVsDzBJAXK8C,2.914216667
Into Your Arms (feat. Ava Max),Witt Lowry,Into Your Arms (feat. Ava Max),08-06-2018,73,https://open.spotify.com/track/0b11D9D0hMOYCIMN3OKreM,0b11D9D0hMOYCIMN3OKreM,3.100366667
Play Date,Melanie Martinez,Cry Baby (Deluxe Edition),14-08-2015,75,https://open.spotify.com/track/4DpNNXFMMxQEKl7r0ykkWA,4DpNNXFMMxQEKl7r0ykkWA,2.997783333
My Oh My (feat. DaBaby),Camila Cabello,Romance,06-12-2019,75,https://open.spotify.com/track/3yOlyBJuViE2YSGn3nVE1K,3yOlyBJuViE2YSGn3nVE1K,2.845766667
What If (I Told You I Like You),Johnny Orlando,What If (I Told You I Like You),18-05-2018,65,https://open.spotify.com/track/4v7DgEMw6EvYyuQ4eWFD9l,4v7DgEMw6EvYyuQ4eWFD9l,3.6531
I Need Your Love,Madilyn Bailey,"The Covers, Vol. 6",13-09-2013,0,https://open.spotify.com/track/62usIcDxqFIQ7x5qN91hrN,62usIcDxqFIQ7x5qN91hrN,3.32995
good 4 u,Olivia Rodrigo,SOUR,21-05-2021,85,https://open.spotify.com/track/4ZtFanR9U6ndgddUvNcjcG,4ZtFanR9U6ndgddUvNcjcG,2.9691
Somebody To You,The Vamps,Meet The Vamps,01-01-2014,73,https://open.spotify.com/track/6VrLYoQKdhu1Jruei06t65,6VrLYoQKdhu1Jruei06t65,3.08495
What A Shame,Leyla Blue,What A Shame,09-12-2020,61,https://open.spotify.com/track/7FGIEAVXfegxngH9Jg6VwA,7FGIEAVXfegxngH9Jg6VwA,2.953333333
Build a Bitch,Bella Poarch,Build a Bitch,14-05-2021,70,https://open.spotify.com/track/7BoobGhD4x5K96Me0hqC8Q,7BoobGhD4x5K96Me0hqC8Q,2.0462
Last Hurrah,Bebe Rexha,Last Hurrah,15-02-2019,58,https://open.spotify.com/track/0i0wnv9UoFdZ5MfuFGQzMy,0i0wnv9UoFdZ5MfuFGQzMy,2.50555
telepatía,Kali Uchis,Sin Miedo (del Amor y Otros Demonios) ∞,04-12-2020,84,https://open.spotify.com/track/6tDDoYIxWvMLTdKpjFkc1B,6tDDoYIxWvMLTdKpjFkc1B,2.66985
Dinero,Trinidad Cardona,Dinero,02-02-2018,68,https://open.spotify.com/track/3ggtU1ZOKO8ZNiqPNyXGcm,3ggtU1ZOKO8ZNiqPNyXGcm,2.681333333
NO,Meghan Trainor,Thank You (Deluxe Version),12-05-2017,75,https://open.spotify.com/track/0l0CvurVUrr2w3Jj1hOVFc,0l0CvurVUrr2w3Jj1hOVFc,3.558433333
Don't Go Yet,Camila Cabello,Don't Go Yet,23-07-2021,68,https://open.spotify.com/track/1058fW9H3fZA6QjYCdOBad,1058fW9H3fZA6QjYCdOBad,2.747366667
Armor,Nightcore Dreams,Armor,19-07-2017,42,https://open.spotify.com/track/7gmHi5czs1e2nEJBSwwH1Y,7gmHi5czs1e2nEJBSwwH1Y,3.067633333
My Dilemma,Selena Gomez & The Scene,When The Sun Goes Down,01-01-2011,52,https://open.spotify.com/track/5g3TKEDNVOviIisycRgo4H,5g3TKEDNVOviIisycRgo4H,3.164216667
Look What You Made Me Do,Taylor Swift,reputation,10-11-2017,81,https://open.spotify.com/track/1P17dC1amhFzptugyAO7Il,1P17dC1amhFzptugyAO7Il,3.530883333
Love Story,Taylor Swift,Fearless (Big Machine Radio Release Special),11-11-2008,76,https://open.spotify.com/track/1D4PL9B8gOg78jiHg3FvBb,1D4PL9B8gOg78jiHg3FvBb,3.937766667
Rockabye (feat. Sean Paul & Anne-Marie),Clean Bandit,Speak Your Mind (Deluxe),27-04-2018,64,https://open.spotify.com/track/3fvY2U1AzW0diYF0hnBbKt,3fvY2U1AzW0diYF0hnBbKt,4.174266667
Bad Blood,Taylor Swift,1989,01-01-2014,72,https://open.spotify.com/track/0TvQLMecTE8utzoNmvXRbK,0TvQLMecTE8utzoNmvXRbK,3.532216667
Better Now,Post Malone,beerbongs & bentleys,27-04-2018,80,https://open.spotify.com/track/7dt6x5M1jzdTEt8oCbisTK,7dt6x5M1jzdTEt8oCbisTK,3.854433333
Ready or Not,Bridgit Mendler,Hello My Name Is...,01-01-2012,73,https://open.spotify.com/track/5xvUgoVED1F4mBu8FL0HaW,5xvUgoVED1F4mBu8FL0HaW,3.3491
In the Name of Love,Martin Garrix,In the Name of Love,29-07-2016,81,https://open.spotify.com/track/23L5CiUhw2jV1OIMwthR3S,23L5CiUhw2jV1OIMwthR3S,3.261766667
Little Do You Know,Alex & Sierra,It's About Us,06-10-2014,72,https://open.spotify.com/track/1almCHdsfikRPfVB9VrEdT,1almCHdsfikRPfVB9VrEdT,3.086666667
SugarCrash!,ElyOtto,SugarCrash!,25-08-2020,69,https://open.spotify.com/track/2ePtv8MlBO9nuuXABqAfEX,2ePtv8MlBO9nuuXABqAfEX,1.334666667
"i hate u, i love u (feat. olivia o'brien)",gnash,us,25-03-2016,76,https://open.spotify.com/track/7vRriwrloYVaoAe3a9wJHe,7vRriwrloYVaoAe3a9wJHe,4.183883333
Please Don't Go,Joel Adams,Please Don't Go,06-11-2015,67,https://open.spotify.com/track/3cNjgVBKTJ1SvKhunrCdVy,3cNjgVBKTJ1SvKhunrCdVy,3.509666667
Warrior,Demi Lovato,Demi,01-01-2013,55,https://open.spotify.com/track/7nCBOm2WiTUPAx3TeG2rZA,7nCBOm2WiTUPAx3TeG2rZA,3.852883333
The Greatest (feat. Kendrick Lamar),Sia,This Is Acting (Deluxe Version),21-10-2016,68,https://open.spotify.com/track/7xHWNBFm6ObGEQPaUxHuKO,7xHWNBFm6ObGEQPaUxHuKO,3.503766667
Burn,Ellie Goulding,Halcyon Days,01-01-2014,66,https://open.spotify.com/track/2GgxS8bUT5G25QJTsfSv0R,2GgxS8bUT5G25QJTsfSv0R,3.853516667
Bezos I,Bo Burnham,Inside (The Songs),10-06-2021,0,https://open.spotify.com/track/0Kdj7nwaYQmvhxnqZaIQuW,0Kdj7nwaYQmvhxnqZaIQuW,0.96915
Rebel,Zum,Liquid Sunshine Riddim,11-09-2020,60,https://open.spotify.com/track/36t9rgshEge4LCzhHKioFQ,36t9rgshEge4LCzhHKioFQ,2.2647
Fight Song,Rachel Platten,Wildfire,01-01-2016,78,https://open.spotify.com/track/37f4ITSlgPX81ad2EvmVQr,37f4ITSlgPX81ad2EvmVQr,3.400216667
If I Can't Have You,Shawn Mendes,If I Can't Have You,03-05-2019,67,https://open.spotify.com/track/6LsAAHotRLMOHfCsSfYCsz,6LsAAHotRLMOHfCsSfYCsz,3.18
Stay,Zedd,Stay,23-02-2017,77,https://open.spotify.com/track/6uBhi9gBXWjanegOb2Phh0,6uBhi9gBXWjanegOb2Phh0,3.5015
Cradles,Sub Urban,Cradles,04-01-2019,3,https://open.spotify.com/track/18A7ha5BitZjmdHTCwXFbU,18A7ha5BitZjmdHTCwXFbU,3.49715
Worth It (feat. Kid Ink),Fifth Harmony,Reflection (Deluxe),30-01-2015,79,https://open.spotify.com/track/41Fflg7qHiVOD6dEPvsCzO,41Fflg7qHiVOD6dEPvsCzO,3.742883333
Unstoppable,Sia,This Is Acting,29-01-2016,81,https://open.spotify.com/track/2J2Z1SkXYghSajLibnQHOa,2J2Z1SkXYghSajLibnQHOa,3.6291
Mad at Disney,salem ilese,Mad at Disney,24-07-2020,2,https://open.spotify.com/track/7aGyRfJWtLqgJaZoG9lJhE,7aGyRfJWtLqgJaZoG9lJhE,2.280633333
Not Your Barbie Girl,Ava Max,Not Your Barbie Girl,13-08-2018,67,https://open.spotify.com/track/4fkM7M4Uo5AUASnnsRC7EZ,4fkM7M4Uo5AUASnnsRC7EZ,3.108666667
Lily,Alan Walker,Different World,14-12-2018,74,https://open.spotify.com/track/0lks2Kt9veMOFEAPN0fsqN,0lks2Kt9veMOFEAPN0fsqN,3.264
Heart Attack,Demi Lovato,Demi,01-01-2013,81,https://open.spotify.com/track/1V6gIisPpYqgFeWbMLI0bA,1V6gIisPpYqgFeWbMLI0bA,3.514
7 rings,Ariana Grande,"thank u, next",08-02-2019,84,https://open.spotify.com/track/6ocbgoVGwYJhOv1GgI9NsF,6ocbgoVGwYJhOv1GgI9NsF,2.9771
Queen,Loren Gray,Queen,21-12-2018,61,https://open.spotify.com/track/53b4d9jHQZq89EtQxwUURr,53b4d9jHQZq89EtQxwUURr,2.674066667
I Like Me Better,Lauv,I met you when I was 18. (the playlist),31-05-2018,4,https://open.spotify.com/track/2P91MQbaiQOfbiz9VqhqKQ,2P91MQbaiQOfbiz9VqhqKQ,3.2906
Princesses Don't Cry - Nightcore Remix,CARYS,Princesses Don't Cry,18-10-2019,0,https://open.spotify.com/track/0RVlQOqnWuVUdSSxJ5b0q5,0RVlQOqnWuVUdSSxJ5b0q5,3.29355
positions,Ariana Grande,Positions,30-10-2020,80,https://open.spotify.com/track/35mvY5S1H3J2QZyna3TFe0,35mvY5S1H3J2QZyna3TFe0,2.872066667
Sweet but Psycho,Ava Max,Heaven & Hell,18-09-2020,81,https://open.spotify.com/track/7DnAm9FOTWE3cUvso43HhI,7DnAm9FOTWE3cUvso43HhI,3.123933333
Wildest Dreams,Taylor Swift,1989,01-01-2014,76,https://open.spotify.com/track/3fVnlF4pGqWI9flVENcT28,3fVnlF4pGqWI9flVENcT28,3.674
On & On,Cartoon,On & On,09-07-2015,8,https://open.spotify.com/track/4B2kkxg3wKSTZw5JPaUtzQ,4B2kkxg3wKSTZw5JPaUtzQ,3.451133333
"thank u, next",Ariana Grande,"thank u, next",08-02-2019,81,https://open.spotify.com/track/3e9HZxeyfWwjeyPAMmWSSQ,3e9HZxeyfWwjeyPAMmWSSQ,3.455333333
Power,Little Mix,Glory Days (Expanded Edition),18-11-2016,74,https://open.spotify.com/track/0lUSd7TCG8srh6HpIAEIWL,0lUSd7TCG8srh6HpIAEIWL,4.130666667
Take a Hint,Night Inn,"Make It Pop, Vol. 7",26-01-2020,52,https://open.spotify.com/track/1AcL5QlN95gkHCVxRXrEUT,1AcL5QlN95gkHCVxRXrEUT,2.573916667
Who Says,Selena Gomez & The Scene,When The Sun Goes Down,01-01-2011,75,https://open.spotify.com/track/3TcL0dyCMyr0kyTTc4NLgI,3TcL0dyCMyr0kyTTc4NLgI,3.260216667
Just A Dream,Kurt Hugo Schneider,Just A Dream,14-11-2017,58,https://open.spotify.com/track/0QfmQhr5npxuWQ4zzUDUhB,0QfmQhr5npxuWQ4zzUDUhB,4.393283333
Darkside,Alan Walker,Different World,14-12-2018,75,https://open.spotify.com/track/6SRWhUJcD2YKahCwHavz3X,6SRWhUJcD2YKahCwHavz3X,3.528
Love Is Gone,SLANDER,Love Is Gone,10-05-2019,63,https://open.spotify.com/track/39glqzRVRAy4vq3PqeTGb8,39glqzRVRAy4vq3PqeTGb8,4.267366667
Me And My Broken Heart,Rixton,Let The Road,01-01-2014,77,https://open.spotify.com/track/1oew3nFNY3vMacJAsvry0S,1oew3nFNY3vMacJAsvry0S,3.228883333
At My Worst,Pink Sweat$,PINK PLANET,12-02-2021,5,https://open.spotify.com/track/2MJz8BxxMsERULatmBikDH,2MJz8BxxMsERULatmBikDH,2.839066667
STAY (with Justin Bieber),The Kid LAROI,F*CK LOVE 3: OVER YOU,23-07-2021,13,https://open.spotify.com/track/5PjdY0CKGZdEuoNab3yDmX,5PjdY0CKGZdEuoNab3yDmX,2.363416667
I Love You Like a Love Song (Cover),Reed Deming,Ridiculous,26-07-2013,38,https://open.spotify.com/track/7KXmf0oEAoy4yRaiVcFtpf,7KXmf0oEAoy4yRaiVcFtpf,3.189466667
Black Magic,Little Mix,Get Weird (Expanded Edition),06-11-2015,76,https://open.spotify.com/track/6rmXhRIemCTPyMYZRDN7Qg,6rmXhRIemCTPyMYZRDN7Qg,3.529766667
What Makes You Beautiful,One Direction,Up All Night,25-05-2012,86,https://open.spotify.com/track/4cluDES4hQEUhmXj6TXkSo,4cluDES4hQEUhmXj6TXkSo,3.3331
You're Perfect - Remix,Charly Black,You're Perfect (Remix),01-12-2017,48,https://open.spotify.com/track/1PQNR7X8dkeC6S24LbR9fs,1PQNR7X8dkeC6S24LbR9fs,3.356666667
Shy,Jai Waetford,Shy - EP,16-01-2015,55,https://open.spotify.com/track/3nivloq0Lqd2CYWHTgAlwU,3nivloq0Lqd2CYWHTgAlwU,3.127333333
Rewrite The Stars,Zac Efron,Rewrite The Stars,17-11-2017,76,https://open.spotify.com/track/630sXRhIcfwr2e4RdNtjKN,630sXRhIcfwr2e4RdNtjKN,3.624
So Am I,Ava Max,Heaven & Hell,18-09-2020,72,https://open.spotify.com/track/2Xnv3GntqbBH1juvUYSpHG,2Xnv3GntqbBH1juvUYSpHG,3.050433333
Confident,Demi Lovato,Confident,01-01-2015,74,https://open.spotify.com/track/3DXXKDbbZKyAZfNb96ST3q,3DXXKDbbZKyAZfNb96ST3q,3.429083333
"10,000 Hours (with Justin Bieber)",Dan + Shay,"10,000 Hours (with Justin Bieber)",04-10-2019,75,https://open.spotify.com/track/2wrJq5XKLnmhRXHIAf9xBa,2wrJq5XKLnmhRXHIAf9xBa,2.794883333
Fairytale,Alexander Rybak,Fairytale,2009,0,https://open.spotify.com/track/2rzWSywjwzbysCmdOzssFR,2rzWSywjwzbysCmdOzssFR,3.044
Never Be the Same,Camila Cabello,Camila,12-01-2018,81,https://open.spotify.com/track/4eWQlBRaTjPPUlzacqEeoQ,4eWQlBRaTjPPUlzacqEeoQ,3.782883333
Best Friend (feat. Doja Cat),Saweetie,Best Friend (feat. Doja Cat),07-01-2021,68,https://open.spotify.com/track/2etHQJxIbV0soyPhelVs9Y,2etHQJxIbV0soyPhelVs9Y,2.59805
Me Too,Meghan Trainor,Thank You (Deluxe Version),12-05-2017,73,https://open.spotify.com/track/3KwwE4sgCzMaKWq6QBebmX,3KwwE4sgCzMaKWq6QBebmX,3.020666667
happier,Olivia Rodrigo,SOUR,21-05-2021,85,https://open.spotify.com/track/2tGvwE8GcFKwNdAXMnlbfl,2tGvwE8GcFKwNdAXMnlbfl,2.932216667
"jealousy, jealousy",Olivia Rodrigo,SOUR,21-05-2021,83,https://open.spotify.com/track/0MMyJUC3WNnFS1lit5pTjk,0MMyJUC3WNnFS1lit5pTjk,2.886
Beggin' - Remix,HAWK.,Beggin' (Remix),13-08-2021,47,https://open.spotify.com/track/6Q2Lb0R6siWVAF6DFvLXRF,6Q2Lb0R6siWVAF6DFvLXRF,2.349116667
Symphony (feat. Zara Larsson),Clean Bandit,What Is Love? (Deluxe Edition),30-11-2018,80,https://open.spotify.com/track/72gv4zhNvRVdQA0eOenCal,72gv4zhNvRVdQA0eOenCal,3.54555
Wolves,Selena Gomez,Wolves,25-10-2017,79,https://open.spotify.com/track/0tBbt8CrmxbjRP0pueQkyU,0tBbt8CrmxbjRP0pueQkyU,3.299883333
Miss Wanna Die,JubyPhonic,Miss Wanna Die,05-11-2021,63,https://open.spotify.com/track/6QYYzSQnGyMjcRRy67eYwF,6QYYzSQnGyMjcRRy67eYwF,3.393933333
In Da Getto,J Balvin,JOSE,10-09-2021,69,https://open.spotify.com/track/1q0PYXTbDsirp2l74ng6pn,1q0PYXTbDsirp2l74ng6pn,2.177766667
Work,Rihanna,ANTI (Deluxe),28-01-2016,79,https://open.spotify.com/track/72TFWvU3wUYdUuxejTTIzt,72TFWvU3wUYdUuxejTTIzt,3.655333333
We Don't Talk Anymore (feat. Selena Gomez),Charlie Puth,Nine Track Mind,29-01-2016,80,https://open.spotify.com/track/06KyNuuMOX1ROXRhj787tj,06KyNuuMOX1ROXRhj787tj,3.628433333
Closer,The Chainsmokers,Closer,29-07-2016,89,https://open.spotify.com/track/7BKLCZ1jbUBVqRi2FVlTVw,7BKLCZ1jbUBVqRi2FVlTVw,4.082666667
It Ain't Me (with Selena Gomez),Kygo,It Ain't Me (with Selena Gomez),16-02-2017,81,https://open.spotify.com/track/3eR23VReFzcdmS7TYCrhCe,3eR23VReFzcdmS7TYCrhCe,3.679666667
Don't Wanna Know,Maroon 5,Don't Wanna Know,11-10-2016,2,https://open.spotify.com/track/5MFzQMkrl1FOOng9tq6R9r,5MFzQMkrl1FOOng9tq6R9r,3.574666667
Touch It,KiDi,Touch It,05-05-2021,52,https://open.spotify.com/track/3h3xeg5OGNYVM0U9rOAc6j,3h3xeg5OGNYVM0U9rOAc6j,2.75
love nwantiti (feat. Dj Yo! & AX'EL) - Remix,CKay,love nwantiti (feat. Dj Yo! & AX'EL) [Remix],09-09-2021,73,https://open.spotify.com/track/4gvrJnKCKIPiacNsWVQwEU,4gvrJnKCKIPiacNsWVQwEU,3.139466667
"Alone, Pt. II",Alan Walker,"Alone, Pt. II",27-12-2019,70,https://open.spotify.com/track/0bMbDctzMmTyK2j74j3nF3,0bMbDctzMmTyK2j74j3nF3,2.9842
Hall of Fame (feat. will.i.am),The Script,#3 Deluxe Version,10-09-2012,82,https://open.spotify.com/track/7wMq5n8mYSKlQIGECKUgTX,7wMq5n8mYSKlQIGECKUgTX,3.37555
Titanium (feat. Sia),David Guetta,Nothing but the Beat 2.0,10-09-2012,60,https://open.spotify.com/track/2i1AVZAYLhrQTvzr1hu7Jt,2i1AVZAYLhrQTvzr1hu7Jt,4.084
Freaks,Jordan Clarke,Freaks,25-02-2019,0,https://open.spotify.com/track/44r4zta6P9flkhKaVnbsvG,44r4zta6P9flkhKaVnbsvG,2.913333333
I Don’t Wanna Live Forever (Fifty Shades Darker),ZAYN,Fifty Shades Darker (Original Motion Picture Soundtrack),10-02-2017,70,https://open.spotify.com/track/2y5aJvzXhHPA94U5GFAcXe,2y5aJvzXhHPA94U5GFAcXe,4.094216667
A Thousand Years (feat. Steve Kazee) - Pt. 2; The Twilight Saga: Breaking Dawn Soundtrack,Christina Perri,The Twilight Saga: Breaking Dawn - Part 2 (Original Motion Picture Soundtrack),09-11-2012,67,https://open.spotify.com/track/7hn8Q8WAxFdL4aZ159GI7C,7hn8Q8WAxFdL4aZ159GI7C,5.098216667
I'm Not Her,Clara Mae,I'm Not Her,10-11-2017,53,https://open.spotify.com/track/2jRISGsO4RTm9CQVb1Jusn,2jRISGsO4RTm9CQVb1Jusn,3.236733333
Better When I'm Dancin',Meghan Trainor,Better When I'm Dancin',14-10-2015,74,https://open.spotify.com/track/5k5fWendNngd89O8JKoE8L,5k5fWendNngd89O8JKoE8L,2.937766667
Story of My Life,One Direction,Midnight Memories (Deluxe),25-11-2013,87,https://open.spotify.com/track/4nVBt6MZDDP6tRVdQTgxJg,4nVBt6MZDDP6tRVdQTgxJg,4.09155
Bad Girlfriend,Anne-Marie,Speak Your Mind (Deluxe),27-04-2018,55,https://open.spotify.com/track/11z8f8BH1WdIlFI9TNQ9mc,11z8f8BH1WdIlFI9TNQ9mc,3.436433333
Hold On,Chord Overstreet,Hold On,03-02-2017,80,https://open.spotify.com/track/5vjLSffimiIP26QG5WcN2K,5vjLSffimiIP26QG5WcN2K,3.314216667
"Million To One - from the Amazon Original Movie ""Cinderella""",Camila Cabello,"Million To One (from the Amazon Original Movie ""Cinderella"")",21-07-2021,52,https://open.spotify.com/track/3lzYrD0WcgGFiAFKkB2shE,3lzYrD0WcgGFiAFKkB2shE,3.394333333
Payphone,Maroon 5,Overexposed Track By Track,01-01-2012,86,https://open.spotify.com/track/1XGmzt0PVuFgQYYnV2It7A,1XGmzt0PVuFgQYYnV2It7A,3.852883333
Fireflies,Nightcore Reality,Fireflies,19-07-2019,36,https://open.spotify.com/track/5KE6lHTUWeWxhHilA145PM,5KE6lHTUWeWxhHilA145PM,3.133333333
Steal My Girl,One Direction,FOUR (Deluxe),17-11-2014,84,https://open.spotify.com/track/2Bs4jQEGMycglOfWPBqrVG,2Bs4jQEGMycglOfWPBqrVG,3.802216667
Halo,Beyoncé,I AM...SASHA FIERCE - Platinum Edition,2008,77,https://open.spotify.com/track/2CvOqDpQIMw69cCzWqr5yr,2CvOqDpQIMw69cCzWqr5yr,4.352666667
Clarity,Zedd,Clarity,01-01-2012,78,https://open.spotify.com/track/60wwxj6Dd9NJlirf84wr2c,60wwxj6Dd9NJlirf84wr2c,4.523766667
Close To Me (with Diplo) (feat. Swae Lee),Ellie Goulding,Close To Me (feat. Swae Lee),24-10-2018,62,https://open.spotify.com/track/5JEx7HbmvHQQswJCsoo9rA,5JEx7HbmvHQQswJCsoo9rA,3.043716667
Dusk Till Dawn (feat. Sia) - Radio Edit,ZAYN,Icarus Falls,14-12-2018,84,https://open.spotify.com/track/3e7sxremeOE3wTySiOhGiP,3e7sxremeOE3wTySiOhGiP,3.983333333
Mercy,Into The Nightcore,"Into The Nightcore, Vol. 8",03-03-2020,37,https://open.spotify.com/track/7ERJOJC84FjdPW9VWtzbRw,7ERJOJC84FjdPW9VWtzbRw,2.7252
You Need To Calm Down,Taylor Swift,Lover,23-08-2019,79,https://open.spotify.com/track/6RRNNciQGZEXnqk8SQ9yv5,6RRNNciQGZEXnqk8SQ9yv5,2.856
Someone You Loved,Lewis Capaldi,Divinely Uninspired To A Hellish Extent,17-05-2019,87,https://open.spotify.com/track/7qEHsqek33rTcFNT9PFqLf,7qEHsqek33rTcFNT9PFqLf,3.036
I Don't Care (with Justin Bieber),Ed Sheeran,I Don't Care (with Justin Bieber),10-05-2019,76,https://open.spotify.com/track/3HVWdVOQ0ZA45FuZGSfvns,3HVWdVOQ0ZA45FuZGSfvns,3.665766667
Intentions,Justin Bieber,Intentions,07-02-2020,69,https://open.spotify.com/track/364dI1bYnvamSnBJ8JcNzN,364dI1bYnvamSnBJ8JcNzN,3.5478
Dance Monkey,Tones And I,Dance Monkey (Stripped Back) / Dance Monkey,17-10-2019,76,https://open.spotify.com/track/2XU0oxnq2qxCpomAAuJY8K,2XU0oxnq2qxCpomAAuJY8K,3.490633333
Leave The Door Open,Bruno Mars,Leave The Door Open,05-03-2021,6,https://open.spotify.com/track/7MAibcTli4IisCtbHKrGMh,7MAibcTli4IisCtbHKrGMh,4.034933333
Dernière danse,Indila,Mini World,01-01-2014,81,https://open.spotify.com/track/65uoaqX5qcjXZRheAj1qQT,65uoaqX5qcjXZRheAj1qQT,3.558216667
abcdefu,GAYLE,abcdefu,13-08-2021,76,https://open.spotify.com/track/4fouWK6XVHhzl78KzQ1UjL,4fouWK6XVHhzl78KzQ1UjL,2.810016667
"My Heart Will Go On - Love Theme from ""Titanic""",Céline Dion,Titanic: Original Motion Picture Soundtrack - Collector's Anniversary Edition,1997,58,https://open.spotify.com/track/7F1yVPuJ4xRdrDvf8OL0HF,7F1yVPuJ4xRdrDvf8OL0HF,5.178433333
Airplanes (feat. Hayley Williams of Paramore),B.o.B,100 Greatest R&B,22-11-2019,45,https://open.spotify.com/track/47AUpATUatp72I5Ctmh8I4,47AUpATUatp72I5Ctmh8I4,3.00555
Impossible,Shontelle,No Gravity,01-01-2010,0,https://open.spotify.com/track/45EDI3rk0f4cAMt9f8b56R,45EDI3rk0f4cAMt9f8b56R,3.77555
Warriors,Imagine Dragons,Smoke + Mirrors (Deluxe),23-10-2015,55,https://open.spotify.com/track/6Q2JimwoGgG5W9HdmH1hmq,6Q2JimwoGgG5W9HdmH1hmq,2.8351
All Falls Down (feat. Juliander),Alan Walker,Different World,14-12-2018,66,https://open.spotify.com/track/1HvCFAUIWQsWV9zud3UhDl,1HvCFAUIWQsWV9zud3UhDl,3.314666667
Sing Me to Sleep,Alan Walker,Different World,14-12-2018,65,https://open.spotify.com/track/1tfVpMI8G6EakZU4rEja4w,1tfVpMI8G6EakZU4rEja4w,3.13
Alone,Alan Walker,Different World,14-12-2018,76,https://open.spotify.com/track/3LlmKSHR3Rs0Y3KHQLAYDk,3LlmKSHR3Rs0Y3KHQLAYDk,2.673766667
Diamond Heart,Alan Walker,Different World,14-12-2018,62,https://open.spotify.com/track/0nrWZWkJM62ftQJSI8fDc0,0nrWZWkJM62ftQJSI8fDc0,4.00555
everything i wanted,Billie Eilish,everything i wanted,13-11-2019,85,https://open.spotify.com/track/3ZCTVFBt2Brf31RLEnCkWJ,3ZCTVFBt2Brf31RLEnCkWJ,4.090416667
ocean eyes,Billie Eilish,dont smile at me,22-12-2017,85,https://open.spotify.com/track/7hDVYcQq6MxkdJGweuCtl9,7hDVYcQq6MxkdJGweuCtl9,3.33965
FRIENDS,Marshmello,Speak Your Mind (Deluxe),27-04-2018,54,https://open.spotify.com/track/6IQCmIGaOxzjNNcwScETVD,6IQCmIGaOxzjNNcwScETVD,3.377
Call You Mine,The Chainsmokers,World War Joy,06-12-2019,69,https://open.spotify.com/track/2oejEp50ZzPuQTQ6v54Evp,2oejEp50ZzPuQTQ6v54Evp,3.627333333
Something Just Like This,The Chainsmokers,Something Just Like This,22-02-2017,73,https://open.spotify.com/track/1dNIEtp7AY3oDAKCGg2XkH,1dNIEtp7AY3oDAKCGg2XkH,4.1271
All We Know,The Chainsmokers,All We Know,29-09-2016,71,https://open.spotify.com/track/2rizacJSyD9S1IQUxUxnsK,2rizacJSyD9S1IQUxUxnsK,3.234666667
This Feeling,The Chainsmokers,Sick Boy,14-12-2018,74,https://open.spotify.com/track/4NBTZtAt1F13VvlSKe6KTl,4NBTZtAt1F13VvlSKe6KTl,3.2991
Peaches (feat. Daniel Caesar & Giveon),Justin Bieber,Justice,19-03-2021,81,https://open.spotify.com/track/4iJyoBOLtHqaGxP12qzhQI,4iJyoBOLtHqaGxP12qzhQI,3.30135
Stuck with U (with Justin Bieber),Ariana Grande,Stuck with U,08-05-2020,81,https://open.spotify.com/track/4HBZA5flZLE435QTztThqH,4HBZA5flZLE435QTztThqH,3.808033333
Purpose,Justin Bieber,Purpose (Deluxe),13-11-2015,66,https://open.spotify.com/track/2IjyFRCRn8x1bEquOM3vxg,2IjyFRCRn8x1bEquOM3vxg,3.502666667
The Heart Wants What It Wants,Selena Gomez,For You,21-11-2014,59,https://open.spotify.com/track/2dRvMEW4EwySxRUtEamSfG,2dRvMEW4EwySxRUtEamSfG,3.789333333
Runaway,AURORA,All My Demons Greeting Me As A Friend (Deluxe),11-03-2016,79,https://open.spotify.com/track/1v1oIWf2Xgh54kIWuKsDf6,1v1oIWf2Xgh54kIWuKsDf6,4.1471
idfc - Tarro Remix,blackbear,idfc (Tarro Remix),17-10-2016,59,https://open.spotify.com/track/1wsZ0cp5He4Wm4yohNjwIs,1wsZ0cp5He4Wm4yohNjwIs,4.143883333
Solo (feat. Demi Lovato),Clean Bandit,What Is Love? (Deluxe Edition),30-11-2018,71,https://open.spotify.com/track/3NuK5xMlSlB6K2Qp16zf3h,3NuK5xMlSlB6K2Qp16zf3h,3.711766667
INDUSTRY BABY (feat. Jack Harlow),Lil Nas X,INDUSTRY BABY (feat. Jack Harlow),23-07-2021,76,https://open.spotify.com/track/27NovPIUIRrOZoCHxABJwK,27NovPIUIRrOZoCHxABJwK,3.533333333
Ain't Your Mama,Jennifer Lopez,Ain't Your Mama,07-04-2016,70,https://open.spotify.com/track/2hgzdQdnfWwtdpZbhZlV72,2hgzdQdnfWwtdpZbhZlV72,3.637233333
24-Jul,Celina Sharma,CECE,08-10-2021,2,https://open.spotify.com/track/304uzYXYjPulJpLRJzuesX,304uzYXYjPulJpLRJzuesX,3.074633333
Infinity,Jaymes Young,Feel Something,23-06-2017,78,https://open.spotify.com/track/1SOClUWhOi8vHZYMz3GluK,1SOClUWhOi8vHZYMz3GluK,3.962
Snowman - Slowed Down,Sia,Snowman (Slowed Down & Snowed In Remix),29-10-2021,47,https://open.spotify.com/track/6Ob0vkoBVpja3yLQkjCdpK,6Ob0vkoBVpja3yLQkjCdpK,3.004583333
Who I Am,Anne-Marie,Therapy,23-07-2021,44,https://open.spotify.com/track/1o8kO8YyMWRAeb9bE2AIxO,1o8kO8YyMWRAeb9bE2AIxO,2.54155
Love How It Hurts (feat. Tina Stachowiak),Axel Johansson,Love How It Hurts (feat. Tina Stachowiak),29-05-2020,44,https://open.spotify.com/track/2Y6wXxB9QpckJTkFkcUY3o,2Y6wXxB9QpckJTkFkcUY3o,3.33
Broken Angel,Arash,Superman,04-11-2014,0,https://open.spotify.com/track/6aTtl40Or1Mgx2pjcP1T9L,6aTtl40Or1Mgx2pjcP1T9L,3.204666667
One Day - Feat. Helena,Arash,Superman,04-11-2014,0,https://open.spotify.com/track/7yZlAJrpOMY13mLjf9Tzv5,7yZlAJrpOMY13mLjf9Tzv5,3.544433333
Waka Waka (This Time for Africa) [The Official 2010 FIFA World Cup (TM) Song] (feat. Freshlyground),Shakira,Waka Waka (This Time for Africa) [The Official 2010 FIFA World Cup (TM) Song] (feat. Freshlyground),07-05-2010,10,https://open.spotify.com/track/2Cd9iWfcOpGDHLz6tVA3G4,2Cd9iWfcOpGDHLz6tVA3G4,3.3771
Title,Meghan Trainor,Title (Deluxe),12-01-2015,64,https://open.spotify.com/track/0k5hoseEJnCAbpRh38dNoI,0k5hoseEJnCAbpRh38dNoI,2.912216667
Be Somebody,Phil Good,Be Somebody,14-09-2018,38,https://open.spotify.com/track/2rRNyvQWYm0e2ckkuDTr7n,2rRNyvQWYm0e2ckkuDTr7n,3.109333333
"Sit Still, Look Pretty",Daya,"Sit Still, Look Pretty",06-01-2017,2,https://open.spotify.com/track/2DpCdPMg1BADE4HDnxt3Rd,2DpCdPMg1BADE4HDnxt3Rd,3.370433333
Enchanted,Taylor Swift,Speak Now,25-10-2010,72,https://open.spotify.com/track/04S1pkp1VaIqjg8zZqknR5,04S1pkp1VaIqjg8zZqknR5,5.87
Enemy (with JID) - from the series Arcane League of Legends,Imagine Dragons,Enemy (with JID) [from the series Arcane League of Legends],28-10-2021,78,https://open.spotify.com/track/1r9xUipOqoNwggBpENDsvJ,1r9xUipOqoNwggBpENDsvJ,2.889683333
Dancing With Your Ghost,Sasha Alex Sloan,Dancing With Your Ghost,28-06-2019,78,https://open.spotify.com/track/1TQXIltqoZ5XXyfCbAeSQQ,1TQXIltqoZ5XXyfCbAeSQQ,3.295533333
Lot to Learn,Luke Christopher,TMRWFRVR,28-07-2017,50,https://open.spotify.com/track/2HzfRSfCogBSsgW2CckVA2,2HzfRSfCogBSsgW2CckVA2,4.139766667
Heat Waves (with iann dior),Glass Animals,Heat Waves (with iann dior),25-03-2021,1,https://open.spotify.com/track/3pXVWgkWybiGchdKGYDgdl,3pXVWgkWybiGchdKGYDgdl,2.921683333
Him & I,G-Eazy,The Beautiful & Damned,15-12-2017,53,https://open.spotify.com/track/69MpAbCg0X0HVUoGcprfq7,69MpAbCg0X0HVUoGcprfq7,4.4811
Dandelions - slowed + reverb,Ruth B.,Dandelions (slowed + reverb),27-08-2021,67,https://open.spotify.com/track/6fhG2KJgwO7CrNflRaRmvp,6fhG2KJgwO7CrNflRaRmvp,4.478616667
@ my worst,blackbear,@ my worst,06-08-2021,61,https://open.spotify.com/track/0mHGftgYtmpH4y17T3VZ2E,0mHGftgYtmpH4y17T3VZ2E,3.1894
Survivor,2WEI,Sequels,20-09-2018,4,https://open.spotify.com/track/29Y7wbrOvQlAwZQJM51ugW,29Y7wbrOvQlAwZQJM51ugW,3.253866667
Fake,The Tech Thieves,Fake,03-08-2018,62,https://open.spotify.com/track/5d7P5eapBbN3gfce5ARfuh,5d7P5eapBbN3gfce5ARfuh,2.352933333
Perfect,Ed Sheeran,÷ (Deluxe),03-03-2017,90,https://open.spotify.com/track/0tgVpDi06FyKpA1z0VMD4v,0tgVpDi06FyKpA1z0VMD4v,4.39
Barbie Girl,Aqua,Aquarium (Special Edition),01-01-1997,77,https://open.spotify.com/track/5ZrDlcxIDZyjOzHdYW1ydr,5ZrDlcxIDZyjOzHdYW1ydr,3.299333333
Lollipop (Candyman),Aqua,Aquarium (Special Edition),01-01-1997,61,https://open.spotify.com/track/7hIKkllltXJFgGfUZbVazE,7hIKkllltXJFgGfUZbVazE,3.610433333
Wannabe,Spice Girls,Spice,01-01-1996,82,https://open.spotify.com/track/1Je1IMUlBXcx1Fz0WE7oPT,1Je1IMUlBXcx1Fz0WE7oPT,2.883766667
Bumpy Ride,Mohombi,MoveMeant (International),01-01-2010,73,https://open.spotify.com/track/71R6zJsrF3ffc3TBFHfivX,71R6zJsrF3ffc3TBFHfivX,3.745333333
Follow Your Arrow,Kacey Musgraves,Same Trailer Different Park,01-01-2013,65,https://open.spotify.com/track/4CLPNURPcKztF9RRdcWLGP,4CLPNURPcKztF9RRdcWLGP,3.327333333
MIDDLE OF THE NIGHT,Elley Duhé,MIDDLE OF THE NIGHT,10-01-2020,77,https://open.spotify.com/track/58HvfVOeJY7lUuCqF0m3ly,58HvfVOeJY7lUuCqF0m3ly,3.074116667
Roses Are Red - Original Version,Aqua,Aquarium (Special Edition),01-01-1997,60,https://open.spotify.com/track/0tIqERCyX2ogv5Yn00kswb,0tIqERCyX2ogv5Yn00kswb,3.76555
Doctor Jones,Aqua,Aquarium (Special Edition),01-01-1997,67,https://open.spotify.com/track/6EBDmMZBQkWrj7jWlGhFU1,6EBDmMZBQkWrj7jWlGhFU1,3.390666667
Boss Bitch,Doja Cat,Boss Bitch,23-01-2020,78,https://open.spotify.com/track/78qd8dvwea0Gosb6Fe6j3k,78qd8dvwea0Gosb6Fe6j3k,2.237316667
overwhelmed,Royal & the Serpent,Overwhelmed,26-06-2020,66,https://open.spotify.com/track/5jjZikDrEd0by1o7V3fO4y,5jjZikDrEd0by1o7V3fO4y,2.654883333
Meet Me At Our Spot,THE ANXIETY,THE ANXIETY,13-03-2020,75,https://open.spotify.com/track/07MDkzWARZaLEdKxo6yArG,07MDkzWARZaLEdKxo6yArG,2.711333333
Bad Boy (feat. Luana Kiara),Raaban,Bad Boy (feat. Luana Kiara),24-08-2018,65,https://open.spotify.com/track/64p6ua7zpf66s62StC2QLv,64p6ua7zpf66s62StC2QLv,3.177883333
Tomboy,Destiny Rogers,Tomboy,28-02-2019,67,https://open.spotify.com/track/5Ti3fqGTfjUsSdylFNy0Ng,5Ti3fqGTfjUsSdylFNy0Ng,3.39075
The Spectre,Alan Walker,The Spectre,15-09-2017,74,https://open.spotify.com/track/2DGa7iaidT5s0qnINlwMjJ,2DGa7iaidT5s0qnINlwMjJ,3.229783333
Havana (feat. Young Thug),Camila Cabello,Camila,12-01-2018,83,https://open.spotify.com/track/1rfofaqEpACxVEHIZBJe6W,1rfofaqEpACxVEHIZBJe6W,3.621766667
Señorita,Shawn Mendes,Shawn Mendes (Deluxe),19-06-2019,81,https://open.spotify.com/track/6v3KW9xbzN5yKLt9YKDYA2,6v3KW9xbzN5yKLt9YKDYA2,3.179983333
you broke me first,Tate McRae,you broke me first,17-04-2020,11,https://open.spotify.com/track/45bE4HXI0AwGZXfZtMp8JR,45bE4HXI0AwGZXfZtMp8JR,2.821083333
Woman Like Me (feat. Nicki Minaj),Little Mix,Woman Like Me (feat. Nicki Minaj),12-10-2018,55,https://open.spotify.com/track/6rrTr2HEAzlpC4KWZxF3S1,6rrTr2HEAzlpC4KWZxF3S1,3.803433333
Older,Sasha Alex Sloan,Older,09-11-2018,72,https://open.spotify.com/track/52iLDrSoRtf9lcgFuLVfqE,52iLDrSoRtf9lcgFuLVfqE,3.18335
Ginseng Strip 2002,Yung Lean,Lavender,16-08-2013,2,https://open.spotify.com/track/79nEEoEPY2w8EXj9hjn5oc,79nEEoEPY2w8EXj9hjn5oc,2.56665
ROXANNE,Arizona Zervas,ROXANNE,10-10-2019,75,https://open.spotify.com/track/696DnlkuDOXcMAnKlTgXXK,696DnlkuDOXcMAnKlTgXXK,2.727266667
Play,K-391,Play,30-08-2019,69,https://open.spotify.com/track/4jp4Z02kzzg8gK0NmDGgml,4jp4Z02kzzg8gK0NmDGgml,2.7996
MEMORIES!,347aidan,TROUBLED MEMORIES!,18-06-2021,70,https://open.spotify.com/track/27XMmSWSOXJ7eVb40tH93T,27XMmSWSOXJ7eVb40tH93T,2.296766667
Toxic,BoyWithUke,Faded,10-09-2021,0,https://open.spotify.com/track/2kaNmAbqrtOf7Rdr3fnCWl,2kaNmAbqrtOf7Rdr3fnCWl,2.800333333
THATS WHAT I WANT,Lil Nas X,MONTERO,17-09-2021,77,https://open.spotify.com/track/0e8nrvls4Qqv5Rfa2UhqmO,0e8nrvls4Qqv5Rfa2UhqmO,2.39835
Woman,Doja Cat,Planet Her,25-06-2021,84,https://open.spotify.com/track/6Uj1ctrBOjOas8xZXGqKk4,6Uj1ctrBOjOas8xZXGqKk4,2.8771
Burn Break Crash,Aanysa,Burn Break Crash,04-11-2016,42,https://open.spotify.com/track/7J9kqM3KFem6P3uSsyitIZ,7J9kqM3KFem6P3uSsyitIZ,3.755866667
You Can't Stop the Girl - Film Mix,Bebe Rexha,Maleficent: Mistress of Evil (Original Motion Picture Soundtrack),18-10-2019,36,https://open.spotify.com/track/49b0RGtDQbjMEZefEV9DlJ,49b0RGtDQbjMEZefEV9DlJ,2.662216667
In The End - Mellen Gi Remix,Tommee Profitt,In The End,22-03-2019,70,https://open.spotify.com/track/5rAUZy2eDdegBxUVYxePK2,5rAUZy2eDdegBxUVYxePK2,3.636466667
Bring Me To Life,Evanescence,Fallen,04-03-2003,88,https://open.spotify.com/track/0COqiPhxzoWICwFCS4eZcp,0COqiPhxzoWICwFCS4eZcp,3.93155
All The Things She Said,t.A.T.u.,200 KM/H In The Wrong Lane (10th Anniversary Edition),2002,79,https://open.spotify.com/track/4bJygwUKrRgq1stlNXcgMg,4bJygwUKrRgq1stlNXcgMg,3.574
Angel of Darkness - Video Mix,Alex C.,Angel of Darkness,01-01-2003,59,https://open.spotify.com/track/2p6yof8qYnSFB3gjnerrWs,2p6yof8qYnSFB3gjnerrWs,3.5851
Back To You - From 13 Reasons Why – Season 2 Soundtrack,Selena Gomez,Back To You (From 13 Reasons Why – Season 2 Soundtrack),10-05-2018,76,https://open.spotify.com/track/4hQ6UGyWQIGJmHSo0J88JW,4hQ6UGyWQIGJmHSo0J88JW,3.465066667
My Head & My Heart,Ava Max,Heaven & Hell,18-09-2020,74,https://open.spotify.com/track/1KixkQVDUHggZMU9dUobgm,1KixkQVDUHggZMU9dUobgm,2.912666667
Material Girl,Madonna,Celebration (double disc version),18-09-2009,74,https://open.spotify.com/track/22sLuJYcvZOSoLLRYev1s5,22sLuJYcvZOSoLLRYev1s5,4.004666667
Face Off,Tech N9ne,ASIN9NE,08-10-2021,64,https://open.spotify.com/track/6M47gaKejso9772SKTa3yH,6M47gaKejso9772SKTa3yH,3.663366667
In My Feelings,Drake,Scorpion,29-06-2018,75,https://open.spotify.com/track/2G7V7zsVDxg1yRsu7Ew9RJ,2G7V7zsVDxg1yRsu7Ew9RJ,3.632083333
Umbrella,Rihanna,Good Girl Gone Bad: Reloaded,02-06-2008,85,https://open.spotify.com/track/49FYlytm3dAAraYgpoJZux,49FYlytm3dAAraYgpoJZux,4.599766667
Girls Like You (feat. Cardi B) - Cardi B Version,Maroon 5,Red Pill Blues (Deluxe),15-06-2018,74,https://open.spotify.com/track/7fa9MBXhVfQ8P8Df9OEbD8,7fa9MBXhVfQ8P8Df9OEbD8,3.92575
Don't Let Me Down,The Chainsmokers,Don't Let Me Down,05-02-2016,83,https://open.spotify.com/track/1i1fxkWeaMmKEB4T7zqbzK,1i1fxkWeaMmKEB4T7zqbzK,3.472883333
Meet Me on the Battlefield,Nightcore Reality,Battlefield,10-02-2021,38,https://open.spotify.com/track/1XjeGxINZGahvoNJ69gcEt,1XjeGxINZGahvoNJ69gcEt,3.583333333
Rumors,NEFFEX,Rumors,26-04-2017,70,https://open.spotify.com/track/7wOqBOryVGD3nqDUihDSwL,7wOqBOryVGD3nqDUihDSwL,4.126783333
everything sucks,vaultboy,everything sucks,21-05-2021,66,https://open.spotify.com/track/3z06k8YF9CqX0CGFrlekOK,3z06k8YF9CqX0CGFrlekOK,1.92335
Cool for the Summer,Demi Lovato,Confident,01-01-2015,79,https://open.spotify.com/track/3uwnnTQcHM1rDqSfA4gQNz,3uwnnTQcHM1rDqSfA4gQNz,3.578983333
Walls Could Talk,Halsey,hopeless fountain kingdom (Deluxe),02-06-2017,4,https://open.spotify.com/track/5ln5yQdUywVbf8HhFsOcd6,5ln5yQdUywVbf8HhFsOcd6,1.696483333
Legends Never Die - (Remix),League of Legends,Legends Never Die (Remix),02-11-2017,66,https://open.spotify.com/track/66YtIqT0kN4958EXnCnAmE,66YtIqT0kN4958EXnCnAmE,2.786216667
Give Your Heart a Break,Demi Lovato,Unbroken,01-01-2011,73,https://open.spotify.com/track/3sP3c86WFjOzHHnbhhZcLA,3sP3c86WFjOzHHnbhhZcLA,3.422433333
Little Do You Know Beat Cry,Yagih Mael,Little Do You Know Beat Cry,05-05-2021,0,https://open.spotify.com/track/0Haf91qcvyZqPQLBQiaUuO,0Haf91qcvyZqPQLBQiaUuO,2.567733333
Jiggle Jiggle (with Duke & Jones),Louis Theroux,Jiggle Jiggle (with Duke & Jones),13-05-2022,60,https://open.spotify.com/track/1I4lCSP69P74nU3a6Su5L2,1I4lCSP69P74nU3a6Su5L2,1.620133333
Boyfriend,Dove Cameron,Boyfriend,11-02-2022,74,https://open.spotify.com/track/59CfNbkERJ3NoTXDvoURjj,59CfNbkERJ3NoTXDvoURjj,2.55
Rise Up,TheFatRat,Rise Up,25-10-2019,67,https://open.spotify.com/track/6inzGTxyGsXVjpVKtFGrcE,6inzGTxyGsXVjpVKtFGrcE,2.829266667
Thunder,Gabry Ponte,Thunder,07-05-2021,79,https://open.spotify.com/track/2USlegnFJLrVLpoVfPimKB,2USlegnFJLrVLpoVfPimKB,2.666666667
Maybe My Soulmate Died,iamnotshane,Maybe My Soulmate Died,15-06-2022,0,https://open.spotify.com/track/7N1bEUVuQo8HHuikDgJ10c,7N1bEUVuQo8HHuikDgJ10c,1.90625
I Shot Cupid,Stela Cole,I Shot Cupid,19-08-2021,0,https://open.spotify.com/track/72vVa7iyvVtjeaNDJfVBYq,72vVa7iyvVtjeaNDJfVBYq,2.736833333
Scars To Your Beautiful,Alessia Cara,Know-It-All,13-11-2015,81,https://open.spotify.com/track/0wI7QkCcs8FUQE1OkXUIqd,0wI7QkCcs8FUQE1OkXUIqd,3.837333333
I Ain't Worried,OneRepublic,"I Ain’t Worried (Music From The Motion Picture ""Top Gun: Maverick"")",13-05-2022,84,https://open.spotify.com/track/4h9wh7iOZ0GGn8QVp4RAOB,4h9wh7iOZ0GGn8QVp4RAOB,2.47475
One Kiss (with Dua Lipa),Calvin Harris,One Kiss (with Dua Lipa),06-04-2018,81,https://open.spotify.com/track/7ef4DlsgrMEH11cDZd32M6,7ef4DlsgrMEH11cDZd32M6,3.580766667
Until I Found You,Stephen Sanchez,Until I Found You,01-09-2021,80,https://open.spotify.com/track/0T5iIrXA4p5GsubkhuBIKV,0T5iIrXA4p5GsubkhuBIKV,2.962
Glimpse of Us,Joji,Glimpse of Us,10-06-2022,36,https://open.spotify.com/track/6xGruZOHLs39ZbVccQTuPZ,6xGruZOHLs39ZbVccQTuPZ,3.890933333
Hey Ma (with J Balvin & Pitbull feat. Camila Cabello),J Balvin,Fast & Furious 8: The Album,14-04-2017,40,https://open.spotify.com/track/3BAWg71hTuj8Rq9CShHUNc,3BAWg71hTuj8Rq9CShHUNc,3.250666667
Te Felicito,Shakira,Te Felicito,21-04-2022,74,https://open.spotify.com/track/2rurDawMfoKP4uHyb2kJBt,2rurDawMfoKP4uHyb2kJBt,2.870583333
aftermath,vaultboy,aftermath,03-09-2021,57,https://open.spotify.com/track/4nzBST9JdZIy9qfilr93Po,4nzBST9JdZIy9qfilr93Po,2.776816667
Peter Pan Was Right,Anson Seabra,Peter Pan Was Right,29-04-2022,65,https://open.spotify.com/track/2At18rPHOuTEjGEppwGV0A,2At18rPHOuTEjGEppwGV0A,3.208283333
One Kiss / I Was Never There,Just Lowkey,One Kiss / I Was Never There,24-07-2022,0,https://open.spotify.com/track/1N7mCyEZyuBw8uv232xD1P,1N7mCyEZyuBw8uv232xD1P,2.855083333
F**kin' Perfect,P!nk,Greatest Hits...So Far!!!,12-11-2010,28,https://open.spotify.com/track/4DZpaWfkmvRsBbPqL7D9rp,4DZpaWfkmvRsBbPqL7D9rp,3.559766667
"Just Like Fire (From the Original Motion Picture ""Alice Through The Looking Glass"")",P!nk,"Just Like Fire (From the Original Motion Picture ""Alice Through The Looking Glass"")",15-04-2016,70,https://open.spotify.com/track/7K5dzhGda2vRTaAWYI3hrb,7K5dzhGda2vRTaAWYI3hrb,3.590216667
I Was Never There Sped Up,Just Lowkey,I Was Never There Sped Up,17-07-2022,0,https://open.spotify.com/track/1HipUgS1ks1nWcLNwb7NA3,1HipUgS1ks1nWcLNwb7NA3,3.101983333
I'm Good (Blue),David Guetta,I'm Good (Blue),26-08-2022,88,https://open.spotify.com/track/4uUG5RXrOk84mYEfFvj3cK,4uUG5RXrOk84mYEfFvj3cK,2.920633333
cinderella's dead,EMELINE,cinderella's dead,01-04-2022,70,https://open.spotify.com/track/5MWXOo8DJwgODtPGaietNz,5MWXOo8DJwgODtPGaietNz,2.0111
"Sex, Drugs, Etc (Sped Up)",Xizt,"Sex, Drugs, Etc (Sped Up)",12-09-2022,0,https://open.spotify.com/track/7MQB6IDnyjaI3WKG2Hr3db,7MQB6IDnyjaI3WKG2Hr3db,2.752933333
Mary On A Cross (TikTok Version),Divine Deluxe Hitz,Mary On A Cross (TikTok Version),13-09-2022,0,https://open.spotify.com/track/1SIAdCt9tdJBgPsLgT9rrN,1SIAdCt9tdJBgPsLgT9rrN,4.0512
SNAP,Rosa Linn,SNAP,19-03-2022,20,https://open.spotify.com/track/76OGwb5RA9h4FxQPT33ekc,76OGwb5RA9h4FxQPT33ekc,2.992516667
If I Would Have Known,Kyle Hume,If I Would Have Known,08-10-2021,61,https://open.spotify.com/track/43zwZPRtS6eJMIuJOtdMub,43zwZPRtS6eJMIuJOtdMub,2.799516667
Running Up That Hill (A Deal With God),Kate Bush,Hounds Of Love,1985,11,https://open.spotify.com/track/75FEaRjZTKLhTrFGsfMUXR,75FEaRjZTKLhTrFGsfMUXR,4.982216667
Whatever It Takes,Imagine Dragons,Evolve,23-06-2017,84,https://open.spotify.com/track/6Qn5zhYkTa37e91HC1D7lb,6Qn5zhYkTa37e91HC1D7lb,3.354
Dangerous Woman,Ariana Grande,Dangerous Woman,01-04-2016,82,https://open.spotify.com/track/3nef5W8jTkXrOKgCu4kmq7,3nef5W8jTkXrOKgCu4kmq7,3.932433333
Girl On Fire,Alicia Keys,Girl On Fire,04-09-2012,1,https://open.spotify.com/track/6qOEjO2IUD7PjtpsXawq0d,6qOEjO2IUD7PjtpsXawq0d,3.748666667
Here With Me,Marshmello,Here With Me,08-03-2019,42,https://open.spotify.com/track/5icOoE6VgqFKohjWWNp0Ac,5icOoE6VgqFKohjWWNp0Ac,2.605766667
Bloody Mary,Lady Gaga,Born This Way (International Special Edition Version),23-05-2011,77,https://open.spotify.com/track/53jnnqFSRGMDB9ADrNriCA,53jnnqFSRGMDB9ADrNriCA,4.079333333
2step,Ed Sheeran,=,25-10-2021,65,https://open.spotify.com/track/2SUxn2O9NHL6GHGQFgwCY0,2SUxn2O9NHL6GHGQFgwCY0,2.560433333
Eastside (with Halsey & Khalid),benny blanco,Eastside (with Halsey & Khalid),12-07-2018,74,https://open.spotify.com/track/0d2iYfpKoM0QCKvcLCkBao,0d2iYfpKoM0QCKvcLCkBao,2.89665
South of the Border (feat. Camila Cabello & Cardi B),Ed Sheeran,No.6 Collaborations Project,12-07-2019,73,https://open.spotify.com/track/4vUmTMuQqjdnvlZmAH61Qk,4vUmTMuQqjdnvlZmAH61Qk,3.407766667
Dive,Ed Sheeran,÷ (Deluxe),03-03-2017,75,https://open.spotify.com/track/51ChrwmUPDJvedPQnIU8Ls,51ChrwmUPDJvedPQnIU8Ls,3.974
Don't,Ed Sheeran,x (Deluxe Edition),21-06-2014,74,https://open.spotify.com/track/1huvTbEYtgltjQRXzrNKGi,1huvTbEYtgltjQRXzrNKGi,3.664
New Man,Ed Sheeran,÷ (Deluxe),03-03-2017,63,https://open.spotify.com/track/5HDPtsnyb3maFmPL8LLUTG,5HDPtsnyb3maFmPL8LLUTG,3.154666667
Beautiful People (feat. Khalid),Ed Sheeran,Beautiful People (feat. Khalid),28-06-2019,72,https://open.spotify.com/track/4evmHXcjt3bTUHD1cvny97,4evmHXcjt3bTUHD1cvny97,3.297766667
Bam Bam (feat. Ed Sheeran),Camila Cabello,Bam Bam (feat. Ed Sheeran),04-03-2022,75,https://open.spotify.com/track/0QBzMgT7NIeoCYy3sJCof1,0QBzMgT7NIeoCYy3sJCof1,3.4345
Galway Girl,Ed Sheeran,÷ (Deluxe),03-03-2017,82,https://open.spotify.com/track/0afhq8XCExXpqazXczTSve,0afhq8XCExXpqazXczTSve,2.8471
Love Story,Indila,Mini World,01-01-2014,78,https://open.spotify.com/track/6nGeLlakfzlBcFdZXteDq7,6nGeLlakfzlBcFdZXteDq7,5.271333333
Renegade (sped up) - Remix,Xanemusic,Renegade (sped up) [Remix],18-01-2023,0,https://open.spotify.com/track/0xLtOeWVAgJ7ioZXdJDVGF,0xLtOeWVAgJ7ioZXdJDVGF,2.80015
Under x I Was Never - Remix,DJ Fronteo,Under x I Was Never,14-09-2022,0,https://open.spotify.com/track/6g0YiEetLFMZeuWjMXHQD4,6g0YiEetLFMZeuWjMXHQD4,3.325866667
Alarm,Anne-Marie,Speak Your Mind (Deluxe),27-04-2018,64,https://open.spotify.com/track/572xshmOviSGH70oPYMCZV,572xshmOviSGH70oPYMCZV,3.42655
Ciao Adios,Anne-Marie,Speak Your Mind (Deluxe),27-04-2018,67,https://open.spotify.com/track/01BC4Xj5tfsfV8DLDrma7q,01BC4Xj5tfsfV8DLDrma7q,3.32955
Love The Way You Lie - Part III (Original Demo),Skylar Grey,The Buried Sessions of Skylar Grey,01-01-2012,45,https://open.spotify.com/track/4GSiy5JzJoWJ9GgMnroiLE,4GSiy5JzJoWJ9GgMnroiLE,4.16555
Coming Home - Part II / Bonus Track,Skylar Grey,Don't Look Down,01-01-2014,53,https://open.spotify.com/track/2EowclmjcHVK6W8xlngurh,2EowclmjcHVK6W8xlngurh,2.7471
Why,Sabrina Carpenter,Why,07-07-2017,63,https://open.spotify.com/track/1byScELwcJffsdL5QWa6Yk,1byScELwcJffsdL5QWa6Yk,2.8516
Shower,Becky G,Shower,23-04-2014,79,https://open.spotify.com/track/3DmW6y7wTEYHJZlLo1r6XJ,3DmW6y7wTEYHJZlLo1r6XJ,3.4361
God is a woman,Ariana Grande,Sweetener,17-08-2018,78,https://open.spotify.com/track/5OCJzvD7sykQEKHH7qAC3C,5OCJzvD7sykQEKHH7qAC3C,3.292433333
Without Me,Halsey,Without Me,04-10-2018,40,https://open.spotify.com/track/5p7ujcrUXASCNwRaWNHR1C,5p7ujcrUXASCNwRaWNHR1C,3.361
Drag Me Down,One Direction,Made In The A.M. (Deluxe Edition),13-11-2015,81,https://open.spotify.com/track/2K87XMYnUMqLcX3zvtAF4G,2K87XMYnUMqLcX3zvtAF4G,3.202
Dress,Taylor Swift,reputation,10-11-2017,77,https://open.spotify.com/track/6oVxXO5oQ4pTpO8RSnkzvv,6oVxXO5oQ4pTpO8RSnkzvv,3.83955
i'm yours sped up,Isabel LaRosa,i'm yours,28-10-2022,70,https://open.spotify.com/track/4sFGNz4MYpGoz53ZGCwsiE,4sFGNz4MYpGoz53ZGCwsiE,2.129666667
Flowers,Miley Cyrus,Flowers,13-01-2023,22,https://open.spotify.com/track/0yLdNVWF3Srea0uzk55zFn,0yLdNVWF3Srea0uzk55zFn,3.3409
Calm Down (with Selena Gomez),Rema,Calm Down (with Selena Gomez),25-08-2022,82,https://open.spotify.com/track/0WtM2NBVQNNJLh6scP13H8,0WtM2NBVQNNJLh6scP13H8,3.988616667
Sunroof,Nicky Youre,Sunroof,03-12-2021,13,https://open.spotify.com/track/4h4QlmocP3IuwYEj2j14p8,4h4QlmocP3IuwYEj2j14p8,2.717083333
Escapism.,RAYE,Escapism. / The Thrill Is Gone.,12-10-2022,14,https://open.spotify.com/track/5Z2MiIZ5I3jJvvmeWMLbOQ,5Z2MiIZ5I3jJvvmeWMLbOQ,4.53955
As It Was,Harry Styles,Harry's House,20-05-2022,89,https://open.spotify.com/track/4Dvkj6JhhA12EX05fT7y2e,4Dvkj6JhhA12EX05fT7y2e,2.788383333
People You Know,Selena Gomez,Rare,10-01-2020,76,https://open.spotify.com/track/63mdJr3NMY3wReOkNE6c6W,63mdJr3NMY3wReOkNE6c6W,3.248333333
Mirror,IDER,Emotional Education,19-07-2019,49,https://open.spotify.com/track/5KRyIAm7l9tHnqtA6KbLsp,5KRyIAm7l9tHnqtA6KbLsp,3.652433333
Anti-Hero,Taylor Swift,Midnights,21-10-2022,84,https://open.spotify.com/track/0V3wPSX9ygBnCm8psDIegu,0V3wPSX9ygBnCm8psDIegu,3.344833333
See You Again,Miley Cyrus,Meet Miley Cyrus,26-06-2007,71,https://open.spotify.com/track/3AjyOYxBv8bByfBtG5o9dP,3AjyOYxBv8bByfBtG5o9dP,3.174216667
See You Again (feat. Charlie Puth),Wiz Khalifa,See You Again (feat. Charlie Puth),2015,83,https://open.spotify.com/track/2JzZzZUQj3Qff7wapcbKjc,2JzZzZUQj3Qff7wapcbKjc,3.825416667
Silence,Marshmello,Silence,11-08-2017,81,https://open.spotify.com/track/7vGuf3Y35N4wmASOKLUVVU,7vGuf3Y35N4wmASOKLUVVU,3.0137
Dark Horse,Katy Perry,PRISM,01-01-2013,82,https://open.spotify.com/track/4jbmgIyjGoXjY01XxatOx6,4jbmgIyjGoXjY01XxatOx6,3.594533333
Pretty Girl,Nightcore Red,Pretty Girl,15-08-2018,39,https://open.spotify.com/track/2dPDXBCfjb2VpNB2kkhlF0,2dPDXBCfjb2VpNB2kkhlF0,2.942683333
Worst Day Of My Life,Subspace Super Highway,Worst Day Of My Life,17-05-2022,33,https://open.spotify.com/track/3uq27iB3IRU9Ou9HqdAZ0c,3uq27iB3IRU9Ou9HqdAZ0c,2.650133333
Made You Look,Meghan Trainor,Takin' It Back,21-10-2022,79,https://open.spotify.com/track/0QHEIqNKsMoOY5urbzN48u,0QHEIqNKsMoOY5urbzN48u,2.2376
Dear Future Husband,Meghan Trainor,Title (Deluxe),12-01-2015,76,https://open.spotify.com/track/3cU2wBxuV6nFiuf6PJZNlC,3cU2wBxuV6nFiuf6PJZNlC,3.070433333
"Whenever, Wherever",Shakira,Laundry Service,13-11-2001,79,https://open.spotify.com/track/2lnzGkdtDj5mtlcOW2yRtG,2lnzGkdtDj5mtlcOW2yRtG,3.269333333
Heartbeat,Nitecore,Heartbeat,25-02-2022,49,https://open.spotify.com/track/5y3M0g9NeTe4YKc0uBvVX1,5y3M0g9NeTe4YKc0uBvVX1,2.459633333
Angel With a Shotgun,The Cab,Symphony Soldier,2011,64,https://open.spotify.com/track/5A8jUZatix87xG0Zj6HSKG,5A8jUZatix87xG0Zj6HSKG,3.7182
Living Hell,Bella Poarch,Dolls EP,12-08-2022,62,https://open.spotify.com/track/6bTbMMEShyGyrcuIwtBlpA,6bTbMMEShyGyrcuIwtBlpA,2.900033333
Shameless,Camila Cabello,Romance,06-12-2019,84,https://open.spotify.com/track/2ogKhhoMClkFXek7ZgxAhN,2ogKhhoMClkFXek7ZgxAhN,3.662366667
Moral of the Story,Ashe,Ashlyn,07-05-2021,77,https://open.spotify.com/track/69HzZ3ti9DLwb0GdWCGYSo,69HzZ3ti9DLwb0GdWCGYSo,3.350266667
People,Libianca,People,06-12-2022,79,https://open.spotify.com/track/26b3oVLrRUaaybJulow9kz,26b3oVLrRUaaybJulow9kz,3.07985
Kill Bill,SZA,SOS,08-12-2022,86,https://open.spotify.com/track/1Qrg8KqiBpW07V7PNxwwwL,1Qrg8KqiBpW07V7PNxwwwL,2.565766667
I Wanna Be Yours,Arctic Monkeys,AM,09-09-2013,93,https://open.spotify.com/track/5XeFesFbtLpXzIVDNQP22n,5XeFesFbtLpXzIVDNQP22n,3.065933333
golden hour,JVKE,this is what ____ feels like (Vol. 1-4),23-09-2022,79,https://open.spotify.com/track/5odlY52u43F5BjByhxg7wg,5odlY52u43F5BjByhxg7wg,3.48765
What It Is (Block Boy) (with Kodak Black),Doechii,What It Is (Block Boy) (with Kodak Black),17-03-2023,68,https://open.spotify.com/track/1O8zCu3dLLPxkbGfIsbRgE,1O8zCu3dLLPxkbGfIsbRgE,3.722383333
Back To December,Taylor Swift,Speak Now,25-10-2010,65,https://open.spotify.com/track/5l6GqSxplqnZbLg0LTPQeG,5l6GqSxplqnZbLg0LTPQeG,4.884
The Story Of Us,Taylor Swift,Speak Now,25-10-2010,49,https://open.spotify.com/track/3lXekiVK1ZPZbKconsys73,3lXekiVK1ZPZbKconsys73,4.428
S&M,Rihanna,Loud,16-11-2010,74,https://open.spotify.com/track/0C4ejWmOTMv8vuYj85mf8m,0C4ejWmOTMv8vuYj85mf8m,4.058883333
Never Be the Same,Jessica Mauboy,Beautiful,04-10-2013,46,https://open.spotify.com/track/71RVcxj9HH4r6bkxG7spaQ,71RVcxj9HH4r6bkxG7spaQ,3.881333333
Style,Taylor Swift,1989 (Deluxe),01-01-2014,80,https://open.spotify.com/track/0ug5NqcwcFR2xrfTkc7k8e,0ug5NqcwcFR2xrfTkc7k8e,3.85
Paper Rings,Taylor Swift,Lover,23-08-2019,78,https://open.spotify.com/track/4y5bvROuBDPr5fuwXbIBZR,4y5bvROuBDPr5fuwXbIBZR,3.706666667
ME! (feat. Brendon Urie of Panic! At The Disco),Taylor Swift,Lover,23-08-2019,76,https://open.spotify.com/track/2Rk4JlNc2TPmZe2af99d45,2Rk4JlNc2TPmZe2af99d45,3.216666667
Lover (Remix) [feat. Shawn Mendes],Taylor Swift,Lover (Remix) [feat. Shawn Mendes],13-11-2019,68,https://open.spotify.com/track/3i9UVldZOE0aD0JnyfAZZ0,3i9UVldZOE0aD0JnyfAZZ0,3.688433333
Paint The Town Red,Doja Cat,Paint The Town Red,04-08-2023,81,https://open.spotify.com/track/2IGMVunIBsBLtEQyoI1Mu7,2IGMVunIBsBLtEQyoI1Mu7,3.8625
Doin' Time,Lana Del Rey,Norman Fucking Rockwell!,30-08-2019,80,https://open.spotify.com/track/0Oqc0kKFsQ6MhFOLBNZIGX,0Oqc0kKFsQ6MhFOLBNZIGX,3.369866667
Numb Little Bug,Em Beihold,Numb Little Bug,28-01-2022,72,https://open.spotify.com/track/3o9kpgkIcffx0iSwxhuNI2,3o9kpgkIcffx0iSwxhuNI2,2.820616667
Make You Mine,PUBLIC,Make You Mine,09-08-2019,73,https://open.spotify.com/track/5iFwAOB2TFkPJk8sMlxP8g,5iFwAOB2TFkPJk8sMlxP8g,3.881766667
DARKSIDE,Neoni,DARKSIDE,29-01-2021,57,https://open.spotify.com/track/3GaeH4EFwtkY2IJfs85u8u,3GaeH4EFwtkY2IJfs85u8u,2.8
Gasolina,Daddy Yankee,Barrio Fino (Bonus Track Version),13-07-2004,56,https://open.spotify.com/track/228BxWXUYQPJrJYHDLOHkj,228BxWXUYQPJrJYHDLOHkj,3.21
Make Me Move,Culture Code,Make Me Move,13-12-2016,59,https://open.spotify.com/track/5ZAUiOlYURVJEJ5ktV03v5,5ZAUiOlYURVJEJ5ktV03v5,3.2842
Con Calma,Daddy Yankee,Con Calma,24-01-2019,81,https://open.spotify.com/track/5w9c2J52mkdntKOmRLeM2m,5w9c2J52mkdntKOmRLeM2m,3.220433333
Old Town Road (feat. Billy Ray Cyrus) - Remix,Lil Nas X,7,21-06-2019,76,https://open.spotify.com/track/2YpeDb67231RjR0MgVLzsG,2YpeDb67231RjR0MgVLzsG,2.617766667
Night Changes,One Direction,FOUR (Deluxe),17-11-2014,89,https://open.spotify.com/track/5O2P9iiztwhomNh8xkR9lJ,5O2P9iiztwhomNh8xkR9lJ,3.776666667
Midnight Rain,Taylor Swift,Midnights,21-10-2022,76,https://open.spotify.com/track/3rWDp9tBPQR9z6U5YyRSK4,3rWDp9tBPQR9z6U5YyRSK4,2.913033333
Angel With a Shotgun,Nightcore Collectives,Best of Nightcore,10-06-2022,50,https://open.spotify.com/track/6Ap1zrEjcbKKoUyE3taghj,6Ap1zrEjcbKKoUyE3taghj,3.213833333
Mercy,Into The Nightcore,"Into The Nightcore, Vol. 8",03-03-2020,0,https://open.spotify.com/track/0gvA5jZdpY26vzdRPlX3HH,0gvA5jZdpY26vzdRPlX3HH,2.7252
Attention,Charlie Puth,Voicenotes,11-05-2018,83,https://open.spotify.com/track/5cF0dROlMOK5uNZtivgu50,5cF0dROlMOK5uNZtivgu50,3.479766667
"Love Me Like You Do - From ""Fifty Shades Of Grey""",Ellie Goulding,Delirium (Deluxe),06-11-2015,79,https://open.spotify.com/track/3zHq9ouUJQFQRf3cm1rRLu,3zHq9ouUJQFQRf3cm1rRLu,4.2089
Everytime We Touch - Radio Edit,Cascada,Original Me,01-01-2011,66,https://open.spotify.com/track/74PyndGWYtfs86n60lAsYW,74PyndGWYtfs86n60lAsYW,3.318666667
like my father,Jax,like my father,03-06-2021,63,https://open.spotify.com/track/5YVmHTAsdWnoanWXB7AwZX,5YVmHTAsdWnoanWXB7AwZX,3.052216667
Cheri Cheri Lady,Modern Talking,Let's Talk About Love,1985,82,https://open.spotify.com/track/2aEuA8PSqLa17Y4hKPj5rr,2aEuA8PSqLa17Y4hKPj5rr,3.772216667
"Let It Go - From ""Frozen""/Soundtrack Version",Idina Menzel,Frozen (Original Motion Picture Soundtrack / Deluxe Edition),01-01-2013,78,https://open.spotify.com/track/0qcr5FMsEO85NAQjrlDRKo,0qcr5FMsEO85NAQjrlDRKo,3.730666667
Who I Am,The Score,ATLAS,13-10-2017,54,https://open.spotify.com/track/4zIJHigfguvdm3O8c9KPeo,4zIJHigfguvdm3O8c9KPeo,3.595766667
Control,Halsey,BADLANDS (Deluxe),28-08-2015,72,https://open.spotify.com/track/3SKzTIl9mW0DadTys9SFo3,3SKzTIl9mW0DadTys9SFo3,3.57935
Play with Fire (feat. Yacht Money),Sam Tinnesz,Play with Fire (feat. Yacht Money),07-07-2017,75,https://open.spotify.com/track/7vguMCv8uVuZLiQJ156u3Z,7vguMCv8uVuZLiQJ156u3Z,3.0115
"Money, Money, Money",ABBA,Arrival,1976,72,https://open.spotify.com/track/3lKN03PDeBnXZS7sDukRBt,3lKN03PDeBnXZS7sDukRBt,3.1071
Queen of Mean,Sarah Jeffery,Descendants 3 (Original TV Movie Soundtrack),02-08-2019,68,https://open.spotify.com/track/4o05DiC0RQ9DNtGJGauwna,4o05DiC0RQ9DNtGJGauwna,3.156616667
IDGAF,Dua Lipa,Dua Lipa (Deluxe),02-06-2017,80,https://open.spotify.com/track/76cy1WJvNGJTj78UqeA5zr,76cy1WJvNGJTj78UqeA5zr,3.632433333
On My Way,Alan Walker,On My Way,21-03-2019,75,https://open.spotify.com/track/4n7jnSxVLd8QioibtTDBDq,4n7jnSxVLd8QioibtTDBDq,3.22995
Ignite,Alan Walker,Ignite,11-05-2018,72,https://open.spotify.com/track/1jLsirPDkUS2g4gnkYua58,1jLsirPDkUS2g4gnkYua58,3.5048
Roar,Katy Perry,PRISM,01-01-2013,81,https://open.spotify.com/track/27tNWlhdAryQY04Gb2ZhUI,27tNWlhdAryQY04Gb2ZhUI,3.725766667
Side To Side,Ariana Grande,Dangerous Woman,01-04-2016,80,https://open.spotify.com/track/44ONERBHALxftQNWq6dmyd,44ONERBHALxftQNWq6dmyd,3.769333333
Sorry Not Sorry,Demi Lovato,Tell Me You Love Me,29-09-2017,74,https://open.spotify.com/track/0yvPEnB032fojLfVluFjUv,0yvPEnB032fojLfVluFjUv,3.396
Oops!...I Did It Again,Britney Spears,Oops!... I Did It Again,16-05-2000,83,https://open.spotify.com/track/6naxalmIoLFWR0siv8dnQQ,6naxalmIoLFWR0siv8dnQQ,3.519333333
Same Old Love,Selena Gomez,Revival (Deluxe),09-10-2015,72,https://open.spotify.com/track/6ZANrVuAMp2rpjhfbOuJly,6ZANrVuAMp2rpjhfbOuJly,3.818
Come & Get It,Selena Gomez,Stars Dance (Bonus Track Version),01-01-2013,73,https://open.spotify.com/track/6LoQHIo74tOzQ8EsLEkhgF,6LoQHIo74tOzQ8EsLEkhgF,3.866433333
True Love (feat. Lily Allen),P!nk,The Truth About Love,18-09-2012,69,https://open.spotify.com/track/1QNqrsNQ1JVLEwncov3lEY,1QNqrsNQ1JVLEwncov3lEY,3.84555
22,Taylor Swift,Red (Big Machine Radio Release Special),22-10-2012,67,https://open.spotify.com/track/6ce41JVa6KFaryfmC2bu2W,6ce41JVa6KFaryfmC2bu2W,3.868666667
We Are Never Ever Getting Back Together,Taylor Swift,Red (Big Machine Radio Release Special),22-10-2012,72,https://open.spotify.com/track/0VwNdo84DaVYLIkbVO86ND,0VwNdo84DaVYLIkbVO86ND,3.2191
"How Far I'll Go - From ""Moana""",Alessia Cara,"How Far I'll Go (From ""Moana"")",28-10-2016,62,https://open.spotify.com/track/5EbX5xL3O2xT8FxCpYzgUO,5EbX5xL3O2xT8FxCpYzgUO,2.925283333
This Is What You Came For,Calvin Harris,This Is What You Came For,29-04-2016,80,https://open.spotify.com/track/0azC730Exh71aQlOt9Zj3y,0azC730Exh71aQlOt9Zj3y,3.702666667
Chemtrails Over The Country Club,Lana Del Rey,Chemtrails Over The Country Club,19-03-2021,81,https://open.spotify.com/track/7bPWdJgx8vek7S5i5yAtvG,7bPWdJgx8vek7S5i5yAtvG,4.5196
She,Selena Gomez,Rare (Deluxe),09-04-2020,52,https://open.spotify.com/track/1z1ztKUrDr09ZSMDnN3QIG,1z1ztKUrDr09ZSMDnN3QIG,2.883316667
Love Will Remember,Selena Gomez,Stars Dance (Bonus Track Version),01-01-2013,55,https://open.spotify.com/track/0OkJtCF6yQIdK11ge58uXD,0OkJtCF6yQIdK11ge58uXD,3.506
Look At Her Now,Selena Gomez,Rare,10-01-2020,63,https://open.spotify.com/track/7eOkHIcaoUhngxxypM5Ajr,7eOkHIcaoUhngxxypM5Ajr,2.709916667
Single Soon,Selena Gomez,Single Soon,25-08-2023,72,https://open.spotify.com/track/6iF4RgIjDvDqyW13PezSj3,6iF4RgIjDvDqyW13PezSj3,2.860916667
Lose You To Love Me,Selena Gomez,Rare,10-01-2020,81,https://open.spotify.com/track/4l0Mvzj72xxOpRrp6h8nHi,4l0Mvzj72xxOpRrp6h8nHi,3.440966667
If We Have Each Other (Always By Her Side) - Sped Up Version,sped up nightcore,If We Have Each Other (Always By Her Side) [Sped Up Version],10-04-2023,55,https://open.spotify.com/track/1B2mOfWYc7EatMwnVx1g1x,1B2mOfWYc7EatMwnVx1g1x,2.61625
Beautiful Things,Benson Boone,Beautiful Things,18-01-2024,88,https://open.spotify.com/track/6tNQ70jh4OwmPGpYy6R2o9,6tNQ70jh4OwmPGpYy6R2o9,3.005066667
Youngblood,5 Seconds of Summer,Youngblood (Deluxe),15-06-2018,83,https://open.spotify.com/track/2iUXsYOEPhVqEBwsqP70rE,2iUXsYOEPhVqEBwsqP70rE,3.390283333
Set Fire to the Rain,Adele,21,24-01-2011,84,https://open.spotify.com/track/3di5hcvxxciiqwMH1jarhY,3di5hcvxxciiqwMH1jarhY,4.04955
Wrecking Ball,Miley Cyrus,Bangerz (Deluxe Version),04-10-2013,83,https://open.spotify.com/track/2vwlzO0Qp8kfEtzTsCXfyE,2vwlzO0Qp8kfEtzTsCXfyE,3.689333333
Carol Of The Bells,Lindsey Stirling,Warmer In The Winter (Deluxe Edition),19-10-2018,67,https://open.spotify.com/track/0byPyCPX9mfGMiAGVZxasq,0byPyCPX9mfGMiAGVZxasq,2.768216667
Empathy,Crystal Castles,Crystal Castles (II),01-01-2010,71,https://open.spotify.com/track/2R3heksil8zmzSFUwYQIPC,2R3heksil8zmzSFUwYQIPC,4.1851
Don’t Blame Me,Taylor Swift,reputation,10-11-2017,85,https://open.spotify.com/track/1R0a2iXumgCiFb7HEZ7gUE,1R0a2iXumgCiFb7HEZ7gUE,3.940216667
Let Her Go,Passenger,All the Little Lights (Deluxe),29-11-2013,79,https://open.spotify.com/track/2pUpNOgJBIBCcjyQZQ00qU,2pUpNOgJBIBCcjyQZQ00qU,4.212216667
Skyfall,Adele,Skyfall,04-10-2012,86,https://open.spotify.com/track/6VObnIkLVruX4UVyxWhlqm,6VObnIkLVruX4UVyxWhlqm,4.774666667
Stan,Eminem,The Marshall Mathers LP,23-05-2000,82,https://open.spotify.com/track/3UmaczJpikHgJFyBTAJVoz,3UmaczJpikHgJFyBTAJVoz,6.7351
Comforter (Lover of My Soul),7 Hills Worship,Comforter (Lover of My Soul),22-09-2023,39,https://open.spotify.com/track/256g3TRJYNxtG09lcZdgOL,256g3TRJYNxtG09lcZdgOL,3.124616667
Ride It,Jay Sean,My Own Way,2008,68,https://open.spotify.com/track/2YSrlOiR9kyiqUURfYwDXI,2YSrlOiR9kyiqUURfYwDXI,3.16755
Rolling in the Deep,Adele,21,24-01-2011,82,https://open.spotify.com/track/4OSBTYWVwsQhGLF9NHvIbR,4OSBTYWVwsQhGLF9NHvIbR,3.80155
Hello,Adele,25,20-11-2015,77,https://open.spotify.com/track/1Yk0cQdMLx5RzzFTYwmuld,1Yk0cQdMLx5RzzFTYwmuld,4.925033333
Those Eyes - Sped Up,New West,Those Eyes (Alternate Versions),20-07-2022,71,https://open.spotify.com/track/6XDBohkvajOwoqr8jHPjzQ,6XDBohkvajOwoqr8jHPjzQ,2.7943
Be Alright,Dean Lewis,Be Alright,29-06-2018,77,https://open.spotify.com/track/3EPXxR3ImUwfayaurPi3cm,3EPXxR3ImUwfayaurPi3cm,3.272883333
Down,Jay Sean,All Or Nothing,01-01-2009,80,https://open.spotify.com/track/6cmm1LMvZdB5zsCwX5BjqE,6cmm1LMvZdB5zsCwX5BjqE,3.541766667
End of Beginning,Djo,DECIDE,16-09-2022,90,https://open.spotify.com/track/3qhlB30KknSejmIvZZLjOD,3qhlB30KknSejmIvZZLjOD,2.654083333
Praise Jah In The Moonlight,YG Marley,Praise Jah In The Moonlight,27-12-2023,78,https://open.spotify.com/track/3h5TiWTqGxjSjFrbruPFH9,3h5TiWTqGxjSjFrbruPFH9,4.384
Wait a Minute!,WILLOW,ARDIPITHECUS,18-12-2015,62,https://open.spotify.com/track/5e08a8D8T3z4LDXbUIjxKQ,5e08a8D8T3z4LDXbUIjxKQ,3.275333333
Like I Do,J.Tajor,Like I Do,04-03-2022,68,https://open.spotify.com/track/1TiZWEsxN85yLJBq56K8mG,1TiZWEsxN85yLJBq56K8mG,2.4857
Favorite,Isabel LaRosa,Favorite,29-03-2024,79,https://open.spotify.com/track/3QJsSWa0Xo8MfaRn1gr4Be,3QJsSWa0Xo8MfaRn1gr4Be,2.2268
Favorite Girl,Justin Bieber,My World,01-01-2009,74,https://open.spotify.com/track/4nTjkWK590oBDcnIxTr1mI,4nTjkWK590oBDcnIxTr1mI,4.279983333
Boyfriend,Justin Bieber,Believe,01-01-2012,77,https://open.spotify.com/track/3UGIZ8qcrMTwzLbx6Kttqt,3UGIZ8qcrMTwzLbx6Kttqt,2.85555
Love Me,Justin Bieber,My World,01-01-2009,71,https://open.spotify.com/track/0yIywEquxORnu1dR0WYsdN,0yIywEquxORnu1dR0WYsdN,3.192883333
What Do You Mean?,Justin Bieber,Purpose (Deluxe),13-11-2015,84,https://open.spotify.com/track/4B0JvthVoAAuygILe3n4Bs,4B0JvthVoAAuygILe3n4Bs,3.428
Please Please Please,Sabrina Carpenter,Please Please Please,06-06-2024,86,https://open.spotify.com/track/5N3hjp1WNayUPZrA8kJmJP,5N3hjp1WNayUPZrA8kJmJP,3.106083333
Espresso,Sabrina Carpenter,Espresso,12-04-2024,90,https://open.spotify.com/track/2qSkIjg1o9h3YT9RAgYN75,2qSkIjg1o9h3YT9RAgYN75,2.924316667
Talk,Retronaut,Talk,24-03-2017,62,https://open.spotify.com/track/3zOgfB6xNtU0vaV38kthWk,3zOgfB6xNtU0vaV38kthWk,2.746666667
You Belong With Me,Taylor Swift,Fearless (Big Machine Radio Release Special),11-11-2008,73,https://open.spotify.com/track/1GEBsLDvJGw7kviySRI6GX,1GEBsLDvJGw7kviySRI6GX,3.868666667
I Want It That Way,Into The Nightcore,"Into The Nightcore, Vol. 3",22-10-2019,32,https://open.spotify.com/track/0L3tIZc3wkyvO6PRhuLxJ1,0L3tIZc3wkyvO6PRhuLxJ1,2.694233333
Genie In a Bottle,Christina Aguilera,Christina Aguilera (Expanded Edition),1999,81,https://open.spotify.com/track/11mwFrKvLXCbcVGNxffGyP,11mwFrKvLXCbcVGNxffGyP,3.626216667
Rude,MAGIC!,Don't Kill the Magic,25-06-2014,85,https://open.spotify.com/track/6RtPijgfPKROxEzTHNRiDp,6RtPijgfPKROxEzTHNRiDp,3.747333333
Call Me Maybe,Carly Rae Jepsen,Kiss,01-01-2012,83,https://open.spotify.com/track/20I6sIOMTCkB6w7ryavxtO,20I6sIOMTCkB6w7ryavxtO,3.223333333
Somebody That I Used To Know,Gotye,Making Mirrors,01-01-2011,83,https://open.spotify.com/track/1qDrWA6lyx8cLECdZE7TV7,1qDrWA6lyx8cLECdZE7TV7,4.0814
Born This Way,Lady Gaga,Born This Way (International Special Edition Version),23-05-2011,76,https://open.spotify.com/track/30XU4suKzCeoCK9YFzdufg,30XU4suKzCeoCK9YFzdufg,4.337533333
Apologize,Timbaland,Shock Value,02-04-2007,77,https://open.spotify.com/track/6ucR4KfvsBFWCMVFDvyKKl,6ucR4KfvsBFWCMVFDvyKKl,3.073333333
Irreplaceable,Beyoncé,B'Day Deluxe Edition,29-05-2007,74,https://open.spotify.com/track/6RX5iL93VZ5fKmyvNXvF1r,6RX5iL93VZ5fKmyvNXvF1r,3.79755
So Sick,Ne-Yo,In My Own Words,01-01-2006,81,https://open.spotify.com/track/6brl7bwOHmGFkNw3MBqssT,6brl7bwOHmGFkNw3MBqssT,3.4531
Crazy In Love - Remix,Beyoncé,Crazy In Love (Remix),04-09-2015,69,https://open.spotify.com/track/2f4IuijXLxYOeBncS60GUD,2f4IuijXLxYOeBncS60GUD,3.773333333
Boulevard of Broken Dreams,Green Day,Greatest Hits: God's Favorite Band,17-11-2017,74,https://open.spotify.com/track/5GorCbAP4aL0EJ16frG2hd,5GorCbAP4aL0EJ16frG2hd,4.372216667
Belong Together,Mark Ambor,Belong Together,16-02-2024,81,https://open.spotify.com/track/5uQ7de4EWjb3rkcFxyEOpu,5uQ7de4EWjb3rkcFxyEOpu,2.47195
Let Me Love You,Mario,Turning Point,15-03-2004,77,https://open.spotify.com/track/7GaFYUqP2WdR4KTPk7cXoP,7GaFYUqP2WdR4KTPk7cXoP,4.152
Grenade,Bruno Mars,Doo-Wops & Hooligans,11-05-2010,83,https://open.spotify.com/track/4lLtanYk6tkMvooU0tWzG8,4lLtanYk6tkMvooU0tWzG8,3.701516667
It's My Life,Bon Jovi,Crush,01-01-2000,82,https://open.spotify.com/track/0v1XpBHnsbkCn7iJ9Ucr1l,0v1XpBHnsbkCn7iJ9Ucr1l,3.74155
7 Years,Lukas Graham,Lukas Graham,01-04-2016,84,https://open.spotify.com/track/5kqIPrATaCc2LqxVWzQGbk,5kqIPrATaCc2LqxVWzQGbk,3.955
One-Sided,Saige,One-Sided,02-11-2022,30,https://open.spotify.com/track/4TCOuCpqayZQTeBbVbJag3,4TCOuCpqayZQTeBbVbJag3,3.6408
Mr. Saxobeat,Alexandra Stan,Dance Mania 2011,26-02-2019,51,https://open.spotify.com/track/7qzgHrqG8FgzgPIfBE23Bw,7qzgHrqG8FgzgPIfBE23Bw,3.2191
Nonsense,Sabrina Carpenter,emails i can't send,15-07-2022,87,https://open.spotify.com/track/6dgUya35uo964z7GZXM07g,6dgUya35uo964z7GZXM07g,2.727466667
Ur So F**kInG cOoL,Tones And I,Ur So F**kInG cOoL,29-05-2020,57,https://open.spotify.com/track/6KiEsqGg0HBOSMflVH7Onx,6KiEsqGg0HBOSMflVH7Onx,2.8791
TiK ToK,Kesha,Animal (Expanded Edition),01-01-2010,86,https://open.spotify.com/track/0HPD5WQqrq7wPWR7P7Dw1i,0HPD5WQqrq7wPWR7P7Dw1i,3.328216667
The King's Affirmation,Iniko,The King's Affirmation,29-04-2022,64,https://open.spotify.com/track/4RLHj4aXHBZIWPBsXqEGgO,4RLHj4aXHBZIWPBsXqEGgO,2.655733333
Sing For The Moment,Eminem,The Eminem Show,26-05-2002,78,https://open.spotify.com/track/3CpoeW0cZSDzIRv5z34F87,3CpoeW0cZSDzIRv5z34F87,5.6591
Black Magic Woman,Santana,Ultimate Santana,25-09-2007,62,https://open.spotify.com/track/4nmne9J3YCEdhvjTzwiAgu,4nmne9J3YCEdhvjTzwiAgu,3.264433333
Gorgeous,Taylor Swift,reputation,10-11-2017,76,https://open.spotify.com/track/1ZY1PqizIl78geGM4xWlEA,1ZY1PqizIl78geGM4xWlEA,3.494666667
Break Free,Ariana Grande,My Everything (Deluxe),22-08-2014,81,https://open.spotify.com/track/12KUFSHFgT0XCoiSlvdQi4,12KUFSHFgT0XCoiSlvdQi4,3.580666667
Just My Type,The Vamps,Night & Day (Day Edition),13-07-2018,61,https://open.spotify.com/track/29VLdEqFvd0l4JFscCnrp7,29VLdEqFvd0l4JFscCnrp7,3.522666667
Never Forget You,Zara Larsson,So Good,17-03-2017,73,https://open.spotify.com/track/6hmhG1b4LEyNuashVvuIAo,6hmhG1b4LEyNuashVvuIAo,3.557116667
Remember When,Alan Jackson,Greatest Hits Volume II,09-10-2003,55,https://open.spotify.com/track/46wsj9yMktwifcIhXhqj1b,46wsj9yMktwifcIhXhqj1b,4.51
Teardrops on My Guitar - Pop Version,Taylor Swift,Taylor Swift (Deluxe Edition),24-10-2006,55,https://open.spotify.com/track/1hxLyjC9D9Jpw6EAPKqWv4,1hxLyjC9D9Jpw6EAPKqWv4,2.984433333
Step On Up,Ariana Grande,Dangerous Woman,20-05-2016,61,https://open.spotify.com/track/3K1y89UHuAEZbpiSPbtAae,3K1y89UHuAEZbpiSPbtAae,3.014216667
Angels Like You,Miley Cyrus,Plastic Hearts,27-11-2020,82,https://open.spotify.com/track/1daDRI9ahBonbWD8YcxOIB,1daDRI9ahBonbWD8YcxOIB,3.274216667
Goo Goo Muck,The Cramps,Psychedelic Jungle,01-01-1981,67,https://open.spotify.com/track/3EEd6ldsPat620GVYMEhOP,3EEd6ldsPat620GVYMEhOP,3.100633333
Nothing Breaks Like a Heart (feat. Miley Cyrus),Mark Ronson,Late Night Feelings,21-06-2019,80,https://open.spotify.com/track/02dRkCEc8Q5ch4TTcnLxOn,02dRkCEc8Q5ch4TTcnLxOn,3.618316667
Hymn for the Weekend,Coldplay,A Head Full of Dreams,04-12-2015,86,https://open.spotify.com/track/3RiPr603aXAoi4GHyXx0uy,3RiPr603aXAoi4GHyXx0uy,4.304433333
We Can't Stop,Miley Cyrus,Bangerz (Deluxe Version),04-10-2013,82,https://open.spotify.com/track/2y4lAQpi5VTNLu2ldeTdUH,2y4lAQpi5VTNLu2ldeTdUH,3.854
APT.,ROSÉ,APT.,18-10-2024,96,https://open.spotify.com/track/5vNRhkKd0yEAg8suGBpjeY,5vNRhkKd0yEAg8suGBpjeY,2.83195
Knees,Bebe Rexha,Expectations,22-06-2018,61,https://open.spotify.com/track/7IOxauZfx5l18mYfX0GZm6,7IOxauZfx5l18mYfX0GZm6,3.443
Into You,Ariana Grande,Dangerous Woman,01-04-2016,83,https://open.spotify.com/track/76FZM38RC8XaAjJ77CVTNe,76FZM38RC8XaAjJ77CVTNe,4.074216667
Rolex,Ayo & Teo,Rolex,15-03-2017,70,https://open.spotify.com/track/0pSBuHjILhNEo55xK1zrRt,0pSBuHjILhNEo55xK1zrRt,3.976433333
I'm Getting Ready,Tasha Cobbs Leonard,Heart. Passion. Pursuit.,25-08-2017,57,https://open.spotify.com/track/5RjS5iW0FWn1U4ZaWjhLlP,5RjS5iW0FWn1U4ZaWjhLlP,8.436666667
That’s So True,Gracie Abrams,The Secret of Us (Deluxe),18-10-2024,97,https://open.spotify.com/track/7ne4VBA60CxGM75vw0EYad,7ne4VBA60CxGM75vw0EYad,2.771666667
Me and the Devil,Soap&Skin,Sugarbread,11-03-2013,82,https://open.spotify.com/track/0wrWxW18WK2MkrfDpRHkyh,0wrWxW18WK2MkrfDpRHkyh,3.083333333
Maniac,Conan Gray,Kid Krow,20-03-2020,77,https://open.spotify.com/track/6KfoDhO4XUWSbnyKjNp9c4,6KfoDhO4XUWSbnyKjNp9c4,3.096216667
Line Without a Hook,Ricky Montgomery,Montgomery Ricky,08-04-2016,82,https://open.spotify.com/track/5NvOZCjZaGGGL597exlQWv,5NvOZCjZaGGGL597exlQWv,4.159766667
blue,yung kai,blue,02-08-2024,92,https://open.spotify.com/track/3be9ACTxtcL6Zm4vJRUiPG,3be9ACTxtcL6Zm4vJRUiPG,3.572616667
boyfriend (with Social House),Ariana Grande,boyfriend,02-08-2019,80,https://open.spotify.com/track/0Ryd8975WihbObpp5cPW1t,0Ryd8975WihbObpp5cPW1t,3.101766667
Follow You,Noizy,Follow You,08-11-2024,79,https://open.spotify.com/track/7cMhicmOIwfJlWURl90AOc,7cMhicmOIwfJlWURl90AOc,2.742433333
Six Days - Remix,DJ Shadow,The Fast And The Furious: Tokyo Drift (Original Motion Picture Soundtrack),20-06-2006,73,https://open.spotify.com/track/5j3QqRGflS4o5jbsFSwKW1,5j3QqRGflS4o5jbsFSwKW1,3.866666667
What You Say,Davy Fresh,The Wake & Bake Album (10th Year Anniversary),20-04-2012,35,https://open.spotify.com/track/0Tsitp0EQlRdIlqc16biog,0Tsitp0EQlRdIlqc16biog,3.041666667
life force,ptasinski,freedom from self,16-09-2024,79,https://open.spotify.com/track/7qvDmYmPjrIosceqmSriCa,7qvDmYmPjrIosceqmSriCa,1.824
A Song of Ice and Fire,Ramin Djawadi,Game Of Thrones: Season 8 (Music from the HBO Series),19-05-2019,61,https://open.spotify.com/track/1AvLUHxSunGMWWRfEFmWSC,1AvLUHxSunGMWWRfEFmWSC,2.198133333
Achilles Come Down,Gang of Youths,Go Farther In Lightness,18-08-2017,68,https://open.spotify.com/track/22TntnVO3lQNDR5nsvxGRs,22TntnVO3lQNDR5nsvxGRs,7.035766667
Medusa,Kaia Jette,Medusa,06-01-2023,43,https://open.spotify.com/track/0f9k6IOdFN5jZ85VSH5nVI,0f9k6IOdFN5jZ85VSH5nVI,2.611183333
Medusa,ANN,Medusa,03-09-2021,29,https://open.spotify.com/track/0Zsh2l2umCC2SifxYryVbX,0Zsh2l2umCC2SifxYryVbX,2.912716667
Everyday Normal Guy 2,Jon Lajoie,You Want Some of This?,18-03-2009,74,https://open.spotify.com/track/2hhFpD32iXUd4GaCu6T4wn,2hhFpD32iXUd4GaCu6T4wn,3.26155
Take a Hint,Nightcore Reality,Take a Hint,13-06-2018,59,https://open.spotify.com/track/7H881krNfbDK6IgOp3mApQ,7H881krNfbDK6IgOp3mApQ,2.1694
Wavin' Flag - Coca-Cola® Celebration Mix,K'NAAN,Troubadour (Champion Edition - Asian Version),2009,67,https://open.spotify.com/track/4nOygULhEuDO5ZBRNPFaso,4nOygULhEuDO5ZBRNPFaso,3.542
Sweater Weather,The Neighbourhood,I Love You.,22-04-2013,92,https://open.spotify.com/track/2QjOHCTQ1Jl3zawyYOpxh6,2QjOHCTQ1Jl3zawyYOpxh6,4.006666667
Shatter Me,Nightcore Reality,Shatter Me,27-11-2019,39,https://open.spotify.com/track/283Lo1yNS4YFFBjQN10vK4,283Lo1yNS4YFFBjQN10vK4,3.916666667
Anxiety,Doechii,Alligator Bites Never Heal (Extended),14-03-2025,87,https://open.spotify.com/track/3LPLRNr58Z9Pn0clnEtkXb,3LPLRNr58Z9Pn0clnEtkXb,4.155033333
River,Bishop Briggs,Church Of Scars,20-04-2018,76,https://open.spotify.com/track/3mRLHiSHYtC8Hk7bzZdUs1,3mRLHiSHYtC8Hk7bzZdUs1,3.602216667
Teenage Dream,Katy Perry,Teenage Dream: The Complete Confection,12-03-2012,66,https://open.spotify.com/track/55qBw1900pZKfXJ6Q9A2Lc,55qBw1900pZKfXJ6Q9A2Lc,3.796
Last Friday Night (T.G.I.F.),Katy Perry,Teenage Dream,01-01-2010,79,https://open.spotify.com/track/1htQDV8JxSuXG2QsNj5ttr,1htQDV8JxSuXG2QsNj5ttr,3.84555
"Money, Money, Money",ABBA,ABBA Gold,01-01-2008,67,https://open.spotify.com/track/29FNeqjOV2kPWGS55qhtGB,29FNeqjOV2kPWGS55qhtGB,3.1131
Looking at Me,Sabrina Carpenter,Singular Act II,19-07-2019,79,https://open.spotify.com/track/59tskctgqUmjCWAwhzYAFm,59tskctgqUmjCWAwhzYAFm,3.018666667
Alibi (with Pabllo Vittar & Yseult),Sevdaliza,Alibi (with Pabllo Vittar & Yseult),28-06-2024,83,https://open.spotify.com/track/5496lks6V3fh1mZAB6IAap,5496lks6V3fh1mZAB6IAap,2.69425
Royalty,Egzod,Royalty,22-04-2021,81,https://open.spotify.com/track/7kUljt0NM5sISL3OGNVxYd,7kUljt0NM5sISL3OGNVxYd,3.725333333
Midnight City,M83,"Hurry up, We're Dreaming",17-10-2011,81,https://open.spotify.com/track/6GyFP1nfCDB8lbD2bG0Hq9,6GyFP1nfCDB8lbD2bG0Hq9,4.066
Goth,Sidewalks and Skeletons,White Light,05-03-2015,78,https://open.spotify.com/track/0uMZbmAAgOhdMrv25iPEH6,0uMZbmAAgOhdMrv25iPEH6,3.452
Glue,BICEP,Bicep,01-09-2017,74,https://open.spotify.com/track/2aJDlirz6v2a4HREki98cP,2aJDlirz6v2a4HREki98cP,4.485816667
coffee,Miguel,Wildheart (Deluxe Version),26-06-2015,65,https://open.spotify.com/track/6vMpPxLV0F5Diwcs6awI1Z,6vMpPxLV0F5Diwcs6awI1Z,4.776216667
My Love,Route 94,My Love,28-02-2014,80,https://open.spotify.com/track/4N1MFKjziFHH4IS3RYYUrU,4N1MFKjziFHH4IS3RYYUrU,4.332216667
I Never Felt So Right - Radio Mix,Ben Delay,I Never Felt So Right,15-04-2016,29,https://open.spotify.com/track/6c34zoo8fqkEjAlyIBCywL,6c34zoo8fqkEjAlyIBCywL,3.69105
Changes - Radio Mix,Faul & Wad,Changes,06-12-2013,69,https://open.spotify.com/track/2SdMEke7JCBEo8t60iyw2r,2SdMEke7JCBEo8t60iyw2r,3.36955
Stargirl Interlude,The Weeknd,Starboy,25-11-2016,75,https://open.spotify.com/track/4EDijkJdHBZZ0GwJ12iTAj,4EDijkJdHBZZ0GwJ12iTAj,1.860666667
After Hours,The Weeknd,After Hours (Deluxe),20-03-2020,55,https://open.spotify.com/track/32HKm4gUeUqQ8SQ28uGYUo,32HKm4gUeUqQ8SQ28uGYUo,6.017066667
Resonance,Home,Odyssey,01-07-2014,2,https://open.spotify.com/track/2BtaCcUXy6zHcsnL5Tde8S,2BtaCcUXy6zHcsnL5Tde8S,3.548
Stolen Dance,Milky Chance,Sadnecessary,31-05-2013,83,https://open.spotify.com/track/34xGLuxM0rkxhCVyMSqwJO,34xGLuxM0rkxhCVyMSqwJO,5.228066667
Sanctuary,Joji,Nectar,24-09-2020,3,https://open.spotify.com/track/5F1ZmucV0uJY14y2dYKePa,5F1ZmucV0uJY14y2dYKePa,3.0003
Again (feat. XXXTENTACION),Noah Cyrus,Again (feat. XXXTENTACION),22-09-2017,82,https://open.spotify.com/track/2S2od3hT7ceytw7d1pTRuE,2S2od3hT7ceytw7d1pTRuE,3.232683333
Cry Baby,The Neighbourhood,Wiped Out!,30-10-2015,74,https://open.spotify.com/track/0EfsDEYaSjGYd66Pr881nq,0EfsDEYaSjGYd66Pr881nq,3.919333333
When I R.I.P.,Labrinth,Euphoria (Original Score from the HBO Series),04-10-2019,68,https://open.spotify.com/track/2t16D9V5FmmRAJjsSpwvZf,2t16D9V5FmmRAJjsSpwvZf,2.90945
Infinity,Infinity Ink,Infinity,07-12-2012,43,https://open.spotify.com/track/68PDydciw4W2e16wCbr9tv,68PDydciw4W2e16wCbr9tv,5.1335
Sweet Disposition,The Temper Trap,Conditions,19-06-2009,0,https://open.spotify.com/track/6mNDLlxVYjKleyb2Ley6Pl,6mNDLlxVYjKleyb2Ley6Pl,3.938883333
Alive,Empire Of The Sun,Ice On The Dune,01-01-2013,75,https://open.spotify.com/track/2O9O26335YYVckmRgPKY3s,2O9O26335YYVckmRgPKY3s,3.4091
Sundress,A$AP Rocky,Sundress,20-11-2018,86,https://open.spotify.com/track/2aPTvyE09vUCRwVvj0I8WK,2aPTvyE09vUCRwVvj0I8WK,2.63675
Touch Me (Radio Edit) [feat. Cassandra],Rui Da Silva,Kismet Records Presents Touch Me (feat. Cassandra),2001,65,https://open.spotify.com/track/6j8nh1kHwezw8pkC2eU87F,6j8nh1kHwezw8pkC2eU87F,3.552216667
Stereo Love,Edward Maya,Stereo Love,07-07-2009,73,https://open.spotify.com/track/0gBfLS4aqbrr1ZvVv8dqWB,0gBfLS4aqbrr1ZvVv8dqWB,4.1269
In And Out Of Love,Armin van Buuren,Armin Anthems Top 100 (Ultimate Singles Collected),28-11-2014,65,https://open.spotify.com/track/57nKL06bKwjaM5Y0aMtY9v,57nKL06bKwjaM5Y0aMtY9v,3.028
That's My Name,Akcent,Supervara 2009,30-04-2009,56,https://open.spotify.com/track/2pXTXff6B8CehBAVp4yGUZ,2pXTXff6B8CehBAVp4yGUZ,4.228
Roses,The Chainsmokers,Roses,16-06-2015,81,https://open.spotify.com/track/3vv9phIu6Y1vX3jcqaGz5Z,3vv9phIu6Y1vX3jcqaGz5Z,3.778966667
Would I Lie to You - Radio Edit,David Guetta,Would I Lie to You,30-09-2016,65,https://open.spotify.com/track/4PdJSsESm34djLfBde9Pr2,4PdJSsESm34djLfBde9Pr2,3.294116667
"What Is Love - 7"" Mix",Haddaway,What Is Love,18-01-1992,66,https://open.spotify.com/track/7JkZ2hQdDonRURJjlMuh8q,7JkZ2hQdDonRURJjlMuh8q,4.506216667
Memories (feat. Kid Cudi),David Guetta,One More Love,22-11-2010,66,https://open.spotify.com/track/5xYC48nOppVemY6U5GRGTb,5xYC48nOppVemY6U5GRGTb,3.514216667
We Found Love,Rihanna,Talk That Talk,18-11-2011,85,https://open.spotify.com/track/6qn9YLKt13AGvpq9jfO8py,6qn9YLKt13AGvpq9jfO8py,3.5871
I Follow Rivers - The Magician Remix,Lykke Li,Wounded Rhymes (Bonus Version),2011,68,https://open.spotify.com/track/1PnmXdkqRktZT67tE8fv7d,1PnmXdkqRktZT67tE8fv7d,4.660583333
Out of Touch,Daryl Hall & John Oates,The Very Best of Daryl Hall / John Oates,20-02-2009,65,https://open.spotify.com/track/7zLGHdfJ3JRPxvc96mEPEi,7zLGHdfJ3JRPxvc96mEPEi,4.15955
The Rhythm of the Night,Corona,The Rhythm of the Night,1994,74,https://open.spotify.com/track/0ofMkI3jzmGCElAOgOLeo3,0ofMkI3jzmGCElAOgOLeo3,4.404666667
My Way,Calvin Harris,My Way,16-09-2016,78,https://open.spotify.com/track/1vvNmPOiUuyCbgWmtc6yfm,1vvNmPOiUuyCbgWmtc6yfm,3.65265
My Love (feat. Jess Glynne),Route 94,My Love (feat. Jess Glynne),28-02-2014,6,https://open.spotify.com/track/61UQzeiIluhpzpMdY4ag3q,61UQzeiIluhpzpMdY4ag3q,4.332233333
Galvanize,The Chemical Brothers,Push The Button,01-01-2005,69,https://open.spotify.com/track/4bz7uB4edifWKJXSDxwHcs,4bz7uB4edifWKJXSDxwHcs,6.56355
Middle,DJ Snake,Encore,05-08-2016,79,https://open.spotify.com/track/0g5EKLgdKvNlln7TNqBByK,0g5EKLgdKvNlln7TNqBByK,3.676216667
We Are The People,Empire Of The Sun,Walking On A Dream (10th Anniversary Edition),03-10-2008,86,https://open.spotify.com/track/3zEN0ii6s4DHHBpnTp3RP7,3zEN0ii6s4DHHBpnTp3RP7,4.456216667
Knock Knock,Mac Miller,Knock Knock - Single,2010,3,https://open.spotify.com/track/3uYm4MtU6jUQft2DtGqEoZ,3uYm4MtU6jUQft2DtGqEoZ,3.3801
waves - Tame Impala Remix,Miguel,Rogue Waves,26-02-2016,66,https://open.spotify.com/track/3lB0GMiI5KxDbTOG8V3bOx,3lB0GMiI5KxDbTOG8V3bOx,4.222433333
Tequila Shots,Kid Cudi,Man On The Moon III: The Chosen,11-12-2020,67,https://open.spotify.com/track/30KctD1WsHKTIYczXjip5a,30KctD1WsHKTIYczXjip5a,3.22155
Feel So Close - Radio Edit,Calvin Harris,18 Months,29-10-2012,86,https://open.spotify.com/track/1gihuPhrLraKYrJMAEONyc,1gihuPhrLraKYrJMAEONyc,3.440216667
Prayer in C - Robin Schulz Radio Edit,Lilly Wood and The Prick,Prayer in C,16-05-2014,76,https://open.spotify.com/track/5fnA9mkIfScSqHIpeDyvck,5fnA9mkIfScSqHIpeDyvck,3.156883333
Love Lost,Mac Miller,"I Love Life, Thank You",22-07-2022,80,https://open.spotify.com/track/2z9iuAxKv4TTeCrPAxxKg9,2z9iuAxKv4TTeCrPAxxKg9,2.714583333
Sweet Nothing (feat. Florence Welch),Calvin Harris,18 Months,29-10-2012,78,https://open.spotify.com/track/24LS4lQShWyixJ0ZrJXfJ5,24LS4lQShWyixJ0ZrJXfJ5,3.542666667
Pumped Up Kicks,Foster The People,Torches,23-05-2011,87,https://open.spotify.com/track/7w87IxuO7BDcJ3YUqCyMTT,7w87IxuO7BDcJ3YUqCyMTT,3.993333333
House Of Balloons / Glass Table Girls,The Weeknd,Trilogy,13-11-2012,74,https://open.spotify.com/track/50iiDJGpAPdr2VTrz999XA,50iiDJGpAPdr2VTrz999XA,6.75355
D.D.,The Weeknd,Trilogy,13-11-2012,52,https://open.spotify.com/track/7eZ7ODAt9cALYnWLO8F6Fd,7eZ7ODAt9cALYnWLO8F6Fd,4.59155
Gasoline,The Weeknd,Dawn FM,06-01-2022,69,https://open.spotify.com/track/3KyKxJ4P3pVCgaZwaq2rUC,3KyKxJ4P3pVCgaZwaq2rUC,3.536083333
JACKIE BROWN,Brent Faiyaz,WASTELAND,08-07-2022,73,https://open.spotify.com/track/2IlT65thKQQw248mhk2PjQ,2IlT65thKQQw248mhk2PjQ,2.816883333
Pray For Me,The Weeknd,The Highlights,05-02-2021,79,https://open.spotify.com/track/6huNf4dutXRjJyGn7f5BPS,6huNf4dutXRjJyGn7f5BPS,3.523666667
Lust,Lil Skies,Life of a Dark Rose,12-12-2017,73,https://open.spotify.com/track/7oJrVhiTPZGBXWPwhxjy9S,7oJrVhiTPZGBXWPwhxjy9S,2.6
The Color Violet,Tory Lanez,Alone At Prom,10-12-2021,87,https://open.spotify.com/track/3azJifCSqg9fRij2yKIbWz,3azJifCSqg9fRij2yKIbWz,3.774433333
Never Let Go (Of Me),Baltra,Never Let Go (Of Me),25-08-2017,56,https://open.spotify.com/track/2IxPD80hhWrq9mwYYW8ge7,2IxPD80hhWrq9mwYYW8ge7,6.909833333
What You Need,The Weeknd,House Of Balloons (Original),21-03-2011,74,https://open.spotify.com/track/4Yw8TyBm9J8cpy2guHUYog,4Yw8TyBm9J8cpy2guHUYog,3.44035
SUICIDE YEAR,WEEDMANE,SUICIDE YEAR,04-08-2019,1,https://open.spotify.com/track/7jVH8CXr0MSpGheHOjN4NA,7jVH8CXr0MSpGheHOjN4NA,1.52885
Black Out Days - Future Islands Remix,Phantogram,Black Out Days (Future Islands Remix),01-09-2017,70,https://open.spotify.com/track/3kxkjirben9RVm9NqYa6rm,3kxkjirben9RVm9NqYa6rm,4.1391
Enjoy the Silence,Depeche Mode,The Singles 86-98,28-09-1998,75,https://open.spotify.com/track/6WK9dVrRABMkUXFLNlgWFh,6WK9dVrRABMkUXFLNlgWFh,4.252216667
Smalltown Boy,Bronski Beat,The Age Of Consent,1984,2,https://open.spotify.com/track/0FrCX7P2C2hcRTcuhjEvK4,0FrCX7P2C2hcRTcuhjEvK4,5.0551
Hometown,Twenty One Pilots,Blurryface,15-05-2015,69,https://open.spotify.com/track/40sRwFjfrRnaTdYPJIg4CP,40sRwFjfrRnaTdYPJIg4CP,3.915766667
Softcore,The Neighbourhood,Hard To Imagine The Neighbourhood Ever Changing,02-11-2018,87,https://open.spotify.com/track/2K7xn816oNHJZ0aVqdQsha,2K7xn816oNHJZ0aVqdQsha,3.438
wish you were gay,Billie Eilish,"WHEN WE ALL FALL ASLEEP, WHERE DO WE GO?",29-03-2019,76,https://open.spotify.com/track/3Fj47GNK2kUF0uaEDgXLaD,3Fj47GNK2kUF0uaEDgXLaD,3.692383333
whoa (mind in awe),XXXTENTACION,SKINS,07-12-2018,72,https://open.spotify.com/track/7pdF27mSDuPWhppnHAmWHa,7pdF27mSDuPWhppnHAmWHa,2.6296
Out of Time,The Weeknd,Dawn FM,06-01-2022,77,https://open.spotify.com/track/2SLwbpExuoBDZBpjfefCtV,2SLwbpExuoBDZBpjfefCtV,3.569883333
Nightcall,Kavinsky,OutRun,01-01-2013,59,https://open.spotify.com/track/73bDvrmSBh2fr53tLDH9oA,73bDvrmSBh2fr53tLDH9oA,4.288666667
Poison,Brent Faiyaz,Poison,03-08-2016,80,https://open.spotify.com/track/5NijSs5dAwaIybq1GaRTIe,5NijSs5dAwaIybq1GaRTIe,3.549866667
"GRAVITY (FEAT. TYLER, THE CREATOR)",Brent Faiyaz,"Gravity (feat. Tyler, The Creator)",29-01-2021,62,https://open.spotify.com/track/6u3CPnFMKANYgfdiifFOiJ,6u3CPnFMKANYgfdiifFOiJ,3.5782
Passionfruit,Drake,More Life,18-03-2017,86,https://open.spotify.com/track/5mCPDVBb16L4XQwDdbRUpz,5mCPDVBb16L4XQwDdbRUpz,4.982333333
Les,Childish Gambino,Camp,15-11-2011,26,https://open.spotify.com/track/0YsGMHid6sFq5PcToe3JZE,0YsGMHid6sFq5PcToe3JZE,5.288216667
5% TINT,Travis Scott,ASTROWORLD,03-08-2018,77,https://open.spotify.com/track/11kDth1aKUEUMq9r1pqyds,11kDth1aKUEUMq9r1pqyds,3.268966667
Art Deco,Lana Del Rey,Honeymoon,18-09-2015,81,https://open.spotify.com/track/5jqNQZBwbZWQXPWfo0ygZF,5jqNQZBwbZWQXPWfo0ygZF,4.917766667
Bones,Telenova,Bones,18-03-2021,44,https://open.spotify.com/track/3Htni6qugPHqelC2PmQM56,3Htni6qugPHqelC2PmQM56,4.924116667
Void,The Neighbourhood,Hard To Imagine The Neighbourhood Ever Changing,02-11-2018,69,https://open.spotify.com/track/2wXioTynVwrEWYRv6R6vEj,2wXioTynVwrEWYRv6R6vEj,3.394433333
Wait,NoMBe,They Might've Even Loved Me,23-03-2018,0,https://open.spotify.com/track/78q95oBxFrzHHAWsXRogXa,78q95oBxFrzHHAWsXRogXa,3.572216667
Lost Boy,Jaden,SYRE,17-11-2017,46,https://open.spotify.com/track/3Qig3auHwFlgO00p5QM6oJ,3Qig3auHwFlgO00p5QM6oJ,9.497883333
Swing Lynn,Harmless,I'm Sure,14-08-2012,73,https://open.spotify.com/track/3VCXx37jNGNOMns6z2OnvJ,3VCXx37jNGNOMns6z2OnvJ,5.3573
Compass,The Neighbourhood,Hard To Imagine The Neighbourhood Ever Changing,02-11-2018,67,https://open.spotify.com/track/0YNtAadZvKBBEFARtfoCV8,0YNtAadZvKBBEFARtfoCV8,2.799333333
Moth To A Flame (with The Weeknd),Swedish House Mafia,Moth To A Flame,03-01-2022,74,https://open.spotify.com/track/7kfOEMJBJwdCYqyJeEnNhr,7kfOEMJBJwdCYqyJeEnNhr,3.9
Lost in the Fire (feat. The Weeknd),Gesaffelstein,Hyperion,08-03-2019,84,https://open.spotify.com/track/2vXKRlJBXyOcvZYTdNeckS,2vXKRlJBXyOcvZYTdNeckS,3.368216667
Odd Look,Kavinsky,Kiss Land (Deluxe),10-09-2013,56,https://open.spotify.com/track/7xcqbjV2NfxlnJzqdRuO7E,7xcqbjV2NfxlnJzqdRuO7E,4.214216667
Until I Come Home,Two Feet,Until I Come Home,19-11-2021,0,https://open.spotify.com/track/0ZWfWytIwA7UwvB8oCNndU,0ZWfWytIwA7UwvB8oCNndU,3.26395
Oxytocin,Billie Eilish,Happier Than Ever,30-07-2021,73,https://open.spotify.com/track/4t2OeILB07eMGTXSUbMPEu,4t2OeILB07eMGTXSUbMPEu,3.503866667
Telepathy,✝✝✝ (Crosses),✝✝✝ (Crosses),11-02-2014,0,https://open.spotify.com/track/0T30E0KIXhm7cXxbQUmPWi,0T30E0KIXhm7cXxbQUmPWi,3.583616667
K.Y.S.A.,Phantogram,The Alchemist & Oh No Present Welcome to Los Santos,21-04-2015,0,https://open.spotify.com/track/1EDcun64XasdUKubMHt9W2,1EDcun64XasdUKubMHt9W2,4.348666667
Hotel,Montell Fish,Her Love Still Haunts Me Like a Ghost,28-10-2022,80,https://open.spotify.com/track/2LtCEKs68u3RpNh4wybCF8,2LtCEKs68u3RpNh4wybCF8,3.288883333
Fire In My Head,Two Feet,Fire In My Head,11-06-2021,0,https://open.spotify.com/track/3rNejdjaGjhAeolU3eus1t,3rNejdjaGjhAeolU3eus1t,3.1449
After Dark,Mr.Kitty,Time,08-08-2014,8,https://open.spotify.com/track/0zCgWGmDF0aih5qexATyBn,0zCgWGmDF0aih5qexATyBn,4.285783333
West Coast,Lana Del Rey,Ultraviolence (Deluxe),01-01-2014,85,https://open.spotify.com/track/5Y6nVaayzitvsD5F7nr3DV,5Y6nVaayzitvsD5F7nr3DV,4.279333333
Better Off (Dying),Lil Peep,"Come Over When You're Sober, Pt. 1",15-08-2017,0,https://open.spotify.com/track/1tlrTC3x7viJ1U30oOFGdF,1tlrTC3x7viJ1U30oOFGdF,2.580233333
Spoil My Night (feat. Swae Lee),Post Malone,beerbongs & bentleys,27-04-2018,63,https://open.spotify.com/track/5VuxWXbt7XENQCtE9TzpTv,5VuxWXbt7XENQCtE9TzpTv,3.242666667
Don’t Break My Heart,The Weeknd,Dawn FM,06-01-2022,62,https://open.spotify.com/track/6a4GH1gljLL7VvmO9u5O92,6a4GH1gljLL7VvmO9u5O92,3.424483333
Repeat After Me (Interlude),The Weeknd,After Hours (Deluxe),20-03-2020,47,https://open.spotify.com/track/5dMVtDN1RDNTOL92oDncwd,5dMVtDN1RDNTOL92oDncwd,3.263583333
nuts,Lil Peep,LIVE FOREVER,02-12-2022,2,https://open.spotify.com/track/11k8KTbNeG9iabeNXMuwf0,11k8KTbNeG9iabeNXMuwf0,1.422666667
Less Than Zero,The Weeknd,Dawn FM,06-01-2022,74,https://open.spotify.com/track/2D4dV2KXDTszzJ3p3cFqhA,2D4dV2KXDTszzJ3p3cFqhA,3.530233333
Butterflies and Hurricanes,Muse,Absolution,23-03-2004,1,https://open.spotify.com/track/0xJLcjd0gaZct43xG1UlXS,0xJLcjd0gaZct43xG1UlXS,5.028883333
PRIDE.,Kendrick Lamar,DAMN.,14-04-2017,86,https://open.spotify.com/track/6IZvVAP7VPPnsGX6bvgkqg,6IZvVAP7VPPnsGX6bvgkqg,4.58755
New Gold (feat. Tame Impala and Bootie Brown),Gorillaz,New Gold (feat. Tame Impala and Bootie Brown),31-08-2022,63,https://open.spotify.com/track/64dLd6rVqDLtkXFYrEUHIU,64dLd6rVqDLtkXFYrEUHIU,3.585816667
Running on E,Brent Faiyaz,Running on E,15-11-2015,68,https://open.spotify.com/track/7q1rfAWSkb8AQpZCgEX3jq,7q1rfAWSkb8AQpZCgEX3jq,4.700666667
Formula,Labrinth,Euphoria (Original Score from the HBO Series),04-10-2019,78,https://open.spotify.com/track/6EtKlIQmGPB9SX8UjDJG5s,6EtKlIQmGPB9SX8UjDJG5s,1.53115
Late Night Feelings (feat. Lykke Li),Mark Ronson,Late Night Feelings (feat. Lykke Li),12-04-2019,56,https://open.spotify.com/track/7aQeWViSfRWSEwtJD86Eq0,7aQeWViSfRWSEwtJD86Eq0,4.1838
Redbone,Childish Gambino,"""Awaken, My Love!""",02-12-2016,25,https://open.spotify.com/track/0WtDGnWL2KrMCk0mI1Gpwz,0WtDGnWL2KrMCk0mI1Gpwz,5.448883333
Escapism. - 4am Remix,RAYE,Escapism. (4am Remix),02-02-2024,53,https://open.spotify.com/track/5AIUQWoMELIpAOi1WPMeSD,5AIUQWoMELIpAOi1WPMeSD,3.4757
Streets,Doja Cat,Hot Pink,07-11-2019,85,https://open.spotify.com/track/60ynsPSSKe6O3sfwRnIBRf,60ynsPSSKe6O3sfwRnIBRf,3.7831
CHIHIRO,Billie Eilish,HIT ME HARD AND SOFT,17-05-2024,90,https://open.spotify.com/track/7BRD7x5pt8Lqa1eGYC4dzj,7BRD7x5pt8Lqa1eGYC4dzj,5.057333333
Hierarchy,SABRINA G,Hierarchy,18-10-2024,19,https://open.spotify.com/track/0uUuuMPwmnDe0zSfqz2cFb,0uUuuMPwmnDe0zSfqz2cFb,2.816666667
Hurts Me,Tory Lanez,Hurts Me,27-06-2023,78,https://open.spotify.com/track/0RBw4ODUQPO4cuAOZtBGga,0RBw4ODUQPO4cuAOZtBGga,2.346666667
The Abyss (feat. Lana Del Rey),The Weeknd,Hurry Up Tomorrow,31-01-2025,81,https://open.spotify.com/track/5ZDKPFRZC6QlJpf8bCIXTs,5ZDKPFRZC6QlJpf8bCIXTs,4.71455
Show Me Love,WizTheMc,Show Me Love,07-02-2025,92,https://open.spotify.com/track/5ITV0zqzjOYfFWpW0xBmRa,5ITV0zqzjOYfFWpW0xBmRa,2.949416667
LOVE. FEAT. ZACARI.,Kendrick Lamar,DAMN.,14-04-2017,86,https://open.spotify.com/track/6PGoSes0D9eUDeeAafB2As,6PGoSes0D9eUDeeAafB2As,3.556666667
Agora Hills,Doja Cat,Scarlet,22-09-2023,79,https://open.spotify.com/track/7dJYggqjKo71KI9sLzqCs8,7dJYggqjKo71KI9sLzqCs8,4.422666667
Weekend Lover,Ainae,Weekend Lover,13-02-2025,29,https://open.spotify.com/track/5xxiYW4j8qQZIxYdvfYJ48,5xxiYW4j8qQZIxYdvfYJ48,2.400983333
Houston,Jean Dawson,Houston,20-09-2024,42,https://open.spotify.com/track/4d9O0gY7JmTXRHNmv4It66,4d9O0gY7JmTXRHNmv4It66,4.631566667
Thinkin Bout You,Frank Ocean,channel ORANGE,10-07-2012,86,https://open.spotify.com/track/7DfFc7a6Rwfi3YQMRbDMau,7DfFc7a6Rwfi3YQMRbDMau,3.345766667
i like the way you kiss me,Artemas,i like the way you kiss me,19-03-2024,85,https://open.spotify.com/track/2GxrNKugF82CnoRFbQfzPf,2GxrNKugF82CnoRFbQfzPf,2.375233333
Stargirl Interlude,The Weeknd,Starboy,24-11-2016,82,https://open.spotify.com/track/5gDWsRxpJ2lZAffh5p7K0w,5gDWsRxpJ2lZAffh5p7K0w,1.860433333
Good Cry,Bruklin,Good Cry,29-11-2024,36,https://open.spotify.com/track/7zfcRc9B8sQMYPAZ5ucqBo,7zfcRc9B8sQMYPAZ5ucqBo,2.31325
Needed Me,Rihanna,ANTI (Deluxe),28-01-2016,83,https://open.spotify.com/track/4pAl7FkDMNBsjykPXo91B3,4pAl7FkDMNBsjykPXo91B3,3.193333333
Odd Look,Kavinsky,Odd Look,01-01-2013,62,https://open.spotify.com/track/3Q6mwJseOFYBJ10d5CXp4o,3Q6mwJseOFYBJ10d5CXp4o,4.225766667
Nightcall,Kavinsky,Nightcall,2010,75,https://open.spotify.com/track/0U0ldCRmgCqhVvD6ksG63j,0U0ldCRmgCqhVvD6ksG63j,4.306883333
Nights,Frank Ocean,Blonde,20-08-2016,82,https://open.spotify.com/track/7eqoqGkKwgOaWNNHx90uEZ,7eqoqGkKwgOaWNNHx90uEZ,5.119183333
Lost,Ridi,Lost,07-02-2025,49,https://open.spotify.com/track/5gPSmg5iQPXadHeuSzSMTU,5gPSmg5iQPXadHeuSzSMTU,2.908333333
Like I Want You,GIVĒON,TAKE TIME,27-03-2020,80,https://open.spotify.com/track/6qBFSepqLCuh5tehehc1bd,6qBFSepqLCuh5tehehc1bd,4.346266667
Stay High - Habits Remix,Tove Lo,Queen Of The Clouds,24-09-2014,68,https://open.spotify.com/track/5JCi3pyggvk4B0yd0BK3ow,5JCi3pyggvk4B0yd0BK3ow,4.306433333
Dead Man Walking,Brent Faiyaz,Dead Man Walking,18-09-2020,66,https://open.spotify.com/track/5VlTQnZO89Ioku8ssdbqJk,5VlTQnZO89Ioku8ssdbqJk,4.117983333
DIRTY LITTLE SECRET,Nessa Barrett,DIRTY LITTLE SECRET,20-09-2024,56,https://open.spotify.com/track/1YLzM2u0jpPxKTcrovSSZP,1YLzM2u0jpPxKTcrovSSZP,3.580666667
Sleepless,AVAION,Sleepless,27-05-2022,75,https://open.spotify.com/track/75HBVc7kJLjC2LlPc4ScfH,75HBVc7kJLjC2LlPc4ScfH,2.754383333
Islands,The xx,xx,16-08-2009,63,https://open.spotify.com/track/0Rqwa6i410IwhTiugt6vXi,0Rqwa6i410IwhTiugt6vXi,2.678666667
Stay,Kenya Grace,The After Taste,21-03-2024,44,https://open.spotify.com/track/7zjT5UAKMHs4P3HuZgKB5j,7zjT5UAKMHs4P3HuZgKB5j,3.253733333
Strings,E S,Strings,24-01-2025,26,https://open.spotify.com/track/2DbmxBiv6zFtz4P9Uv6HSL,2DbmxBiv6zFtz4P9Uv6HSL,2.446333333
NDA,Billie Eilish,Happier Than Ever,30-07-2021,78,https://open.spotify.com/track/38GBNKZUhfBkk3oNlWzRYd,38GBNKZUhfBkk3oNlWzRYd,3.262933333
Moonlight,Kali Uchis,Moonlight,24-02-2023,77,https://open.spotify.com/track/2i2gDpKKWjvnRTOZRhaPh2,2i2gDpKKWjvnRTOZRhaPh2,3.12595
Exchange,Bryson Tiller,T R A P S O U L,02-10-2015,82,https://open.spotify.com/track/43PuMrRfbyyuz4QpZ3oAwN,43PuMrRfbyyuz4QpZ3oAwN,3.24355
No Idea,Don Toliver,Heaven Or Hell,13-03-2020,82,https://open.spotify.com/track/7AzlLxHn24DxjgQX73F9fU,7AzlLxHn24DxjgQX73F9fU,2.573733333
CHANCES,KAYTRANADA,NOTHIN LIKE U / CHANCES,30-11-2018,65,https://open.spotify.com/track/439X8jGytErRiPnaoUJHju,439X8jGytErRiPnaoUJHju,3.636666667
Talk,JAZMYNE,Talk,16-01-2025,28,https://open.spotify.com/track/5gNVp8fBaz4y3vGVSYbnka,5gNVp8fBaz4y3vGVSYbnka,2.733333333
"One Of The Girls (with JENNIE, Lily Rose Depp)",The Weeknd,The Idol Episode 4 (Music from the HBO Original Series),23-06-2023,93,https://open.spotify.com/track/7CyPwkp0oE8Ro9Dd5CUDjW,7CyPwkp0oE8Ro9Dd5CUDjW,4.078066667
EVRGRN,Josh Caballes,EXPENSIVE THERAPY,06-11-2024,11,https://open.spotify.com/track/6FFGK5sjPR0yKXelZzkrzj,6FFGK5sjPR0yKXelZzkrzj,2.57625
Hourglass,Baby Tate,Hourglass,02-09-2021,33,https://open.spotify.com/track/7udNt8rbaYcuYKaAtkA8qn,7udNt8rbaYcuYKaAtkA8qn,2.901533333
Oxygen,Pixia,Oxygen,21-03-2025,30,https://open.spotify.com/track/4m5GfM0XzFqN2OCEwnsSAL,4m5GfM0XzFqN2OCEwnsSAL,3.6125
Make You Mine,Madison Beer,Make You Mine,09-02-2024,80,https://open.spotify.com/track/48vIfHaK7by6x0T6ucpODL,48vIfHaK7by6x0T6ucpODL,3.69515
Teenage Fever,Drake,More Life,18-03-2017,81,https://open.spotify.com/track/6n3HGiq4v35D6eFOSwqYuo,6n3HGiq4v35D6eFOSwqYuo,3.661533333
Nothing Burns Like The Cold,Snoh Aalegra,FEELS,20-10-2017,69,https://open.spotify.com/track/6G0KITyDe4EQREYyuVQmOn,6G0KITyDe4EQREYyuVQmOn,3.498516667
Lean Wit Me,Juice WRLD,Goodbye & Good Riddance,10-12-2018,80,https://open.spotify.com/track/3oDkdAySo1VQQG0ptV7uwa,3oDkdAySo1VQQG0ptV7uwa,2.92925
Summer Rain,Majid Jordan,Wildest Dreams,22-10-2021,45,https://open.spotify.com/track/3sCnC8LTixzL22HZkdcyQT,3sCnC8LTixzL22HZkdcyQT,3.33555
Intro,The xx,xx,16-08-2009,73,https://open.spotify.com/track/2usrT8QIbIk9y0NEtQwS4j,2usrT8QIbIk9y0NEtQwS4j,2.132
Recognize (feat. Drake),PARTYNEXTDOOR,PARTYNEXTDOOR TWO,29-07-2014,2,https://open.spotify.com/track/5wUUWVRvrciJqFitZF8R0P,5wUUWVRvrciJqFitZF8R0P,5.186616667
Marvins Room,Drake,Take Care (Deluxe),15-11-2011,77,https://open.spotify.com/track/047fCsbO4NdmwCBn8pcUXl,047fCsbO4NdmwCBn8pcUXl,5.7871
For Me,SouthmadeVelly,For Me,20-12-2024,30,https://open.spotify.com/track/75oOv0Wz3k5iu01CzrnWRF,75oOv0Wz3k5iu01CzrnWRF,2.5
Trust,Brent Faiyaz,Lost,19-10-2018,77,https://open.spotify.com/track/0oufSLnKQDoBFX5mgkDCgR,0oufSLnKQDoBFX5mgkDCgR,2.640333333
Party Monster,The Weeknd,Starboy,25-11-2016,79,https://open.spotify.com/track/4F7A0DXBrmUAkp32uenhZt,4F7A0DXBrmUAkp32uenhZt,4.15355
Waves of Blue,Majid Jordan,Wildest Dreams,22-10-2021,56,https://open.spotify.com/track/4lKe0viSvv8ckoTPvHBih1,4lKe0viSvv8ckoTPvHBih1,3.4791
Privilege,The Weeknd,"My Dear Melancholy,",30-03-2018,64,https://open.spotify.com/track/0Nwar8rweBUyfyuoyjjUvk,0Nwar8rweBUyfyuoyjjUvk,2.842883333
D'Evils,SiR,November,19-01-2018,70,https://open.spotify.com/track/0wY9rA9fJkuESyYm9uzVK5,0wY9rA9fJkuESyYm9uzVK5,2.863633333
Girl With The Tattoo Enter.lewd,Miguel,All I Want Is You,26-11-2010,82,https://open.spotify.com/track/1eUGmzzvahJjOSWgDHuRlv,1eUGmzzvahJjOSWgDHuRlv,1.71355
All My Friends (feat. Tinashe & Chance the Rapper),Snakehips,All My Friends (feat. Tinashe & Chance the Rapper),21-10-2015,71,https://open.spotify.com/track/6TaqooOXAEcijL6G1AWS2K,6TaqooOXAEcijL6G1AWS2K,3.8291
Pretty Little Fears (feat. J. Cole),6LACK,East Atlanta Love Letter,14-09-2018,72,https://open.spotify.com/track/4at3d5QWnlibMVN75ECDrp,4at3d5QWnlibMVN75ECDrp,4.005683333
Her,Majid Jordan,A Place Like This,17-07-2014,56,https://open.spotify.com/track/4Wfe2jloKo95eFVnJEr5N1,4Wfe2jloKo95eFVnJEr5N1,5.012133333
Purity (feat. Frank Ocean),A$AP Rocky,TESTING,25-05-2018,69,https://open.spotify.com/track/2MF4HtZHBoUliOi9nOAbS0,2MF4HtZHBoUliOi9nOAbS0,4.372666667
Firefly,Mura Masa,Someday Somewhere,10-04-2015,58,https://open.spotify.com/track/2s9C5THb9llwyVXtjveV4E,2s9C5THb9llwyVXtjveV4E,3.8
Don’t Matter To Me (with Michael Jackson),Drake,Scorpion,29-06-2018,71,https://open.spotify.com/track/6G8kHiVZ1jW7vHMPVRNZU0,6G8kHiVZ1jW7vHMPVRNZU0,4.096433333
L$D,A$AP Rocky,AT.LONG.LAST.A$AP,26-05-2015,74,https://open.spotify.com/track/4S7YHmlWwfwArgd8LfSPud,4S7YHmlWwfwArgd8LfSPud,3.971766667
waves,Miguel,Wildheart (Deluxe Version),26-06-2015,41,https://open.spotify.com/track/7LP6AUTf4KD055DVxfBXOu,7LP6AUTf4KD055DVxfBXOu,3.374883333
Novacane,Frank Ocean,Novacane,01-01-2011,84,https://open.spotify.com/track/4osgfFTICMkcGbbigdsa53,4osgfFTICMkcGbbigdsa53,5.0391
The Morning,The Weeknd,House Of Balloons (Original),21-03-2011,76,https://open.spotify.com/track/4jBfUB4kQJCWOrjGLQqhO0,4jBfUB4kQJCWOrjGLQqhO0,5.23515
So High,Ski Mask The Slump God,STOKELEY,30-11-2018,51,https://open.spotify.com/track/3nTDO6k4R6i3FpKx0QNgJ5,3nTDO6k4R6i3FpKx0QNgJ5,2.496883333
HIGHEST IN THE ROOM,Travis Scott,HIGHEST IN THE ROOM,04-10-2019,86,https://open.spotify.com/track/3eekarcy7kvN4yt5ZFzltW,3eekarcy7kvN4yt5ZFzltW,2.928666667
Down On My Luck,VIC MENSA,Down On My Luck,01-01-2014,43,https://open.spotify.com/track/3ZuHoaPp0mQllnIzOyc2k6,3ZuHoaPp0mQllnIzOyc2k6,3.4912
Sober - Jarreau Vandal Remix,Mahalia,Sober (Jarreau Vandal Remix),11-08-2017,44,https://open.spotify.com/track/49ObNH7FeBkTehJVPGF1P1,49ObNH7FeBkTehJVPGF1P1,3.672466667
Daydreaming,NxWorries,Daydreaming,18-05-2023,48,https://open.spotify.com/track/6qqq5zPYV7U4UsKnGC82tw,6qqq5zPYV7U4UsKnGC82tw,3.116116667
SLOW DANCING IN THE DARK,Joji,BALLADS 1,26-10-2018,11,https://open.spotify.com/track/0rKtyWc8bvkriBthvHKY8d,0rKtyWc8bvkriBthvHKY8d,3.487883333
You Look Lonely x Resonance - Slowed + Reverb,citrulinq,You Look Lonely x Resonance (Slowed + Reverb),14-06-2024,35,https://open.spotify.com/track/6z7Evq7ok6WzK62xoOQkTN,6z7Evq7ok6WzK62xoOQkTN,2.7913
Don't,Bryson Tiller,T R A P S O U L,02-10-2015,86,https://open.spotify.com/track/3pXF1nA74528Edde4of9CC,3pXF1nA74528Edde4of9CC,3.304883333
Crystalised,The xx,xx,16-08-2009,69,https://open.spotify.com/track/5UBBJnFxsfjFxfrtvErQoH,5UBBJnFxsfjFxfrtvErQoH,3.365766667
WAIT FOR U (feat. Drake & Tems),Future,I NEVER LIKED YOU,29-04-2022,84,https://open.spotify.com/track/59nOXPmaKlBfGMDeOVGrIK,59nOXPmaKlBfGMDeOVGrIK,3.164883333
worst behaviour,kwn,worst behaviour,01-11-2024,30,https://open.spotify.com/track/5EQHN6tBq72rJxHhmGnDoJ,5EQHN6tBq72rJxHhmGnDoJ,2.9832
BUTTERFLIES,Isaiah Falls,LUCKY ME,11-10-2024,70,https://open.spotify.com/track/0quwQM9YgpwBsNnCyZ8aaA,0quwQM9YgpwBsNnCyZ8aaA,2.726016667
Galaxy,Kid Travis,Strawberry Skies (Deluxe Edition),04-12-2020,45,https://open.spotify.com/track/2LL8v2NXuuzkV9N1G2m7oE,2LL8v2NXuuzkV9N1G2m7oE,2.823583333
Thank You (Not So Bad),Dimitri Vegas & Like Mike,Thank You (Not So Bad),01-12-2023,85,https://open.spotify.com/track/09CnYHiZ5jGT1wr1TXJ9Zt,09CnYHiZ5jGT1wr1TXJ9Zt,2.333333333
Car Keys,Nito-Onna,Car Keys,27-10-2023,0,https://open.spotify.com/track/0SxXZAjFO4Oey1eKhDdb4G,0SxXZAjFO4Oey1eKhDdb4G,2.1111
I Don't Wanna Wait,David Guetta,I Don't Wanna Wait,05-04-2024,85,https://open.spotify.com/track/331l3xABO0HMr1Kkyh2LZq,331l3xABO0HMr1Kkyh2LZq,2.49445
Numb,Arc North,Numb,25-08-2020,7,https://open.spotify.com/track/2OfQvGrr83FGpdLA1nAR01,2OfQvGrr83FGpdLA1nAR01,2.17795
Bloody Mary,Nito-Onna,Bloody Mary,10-02-2023,5,https://open.spotify.com/track/6kMzwZU1B2kYDkwXNeW3gN,6kMzwZU1B2kYDkwXNeW3gN,2.096
10:35,Harddope,10:35,01-09-2023,0,https://open.spotify.com/track/6vxIESInAmpvHpE1DNLVJR,6vxIESInAmpvHpE1DNLVJR,2.768666667
Stumblin' In,CYRIL,Stumblin' In,10-11-2023,86,https://open.spotify.com/track/0h3Xy4V4apMraB5NuM8U7Z,0h3Xy4V4apMraB5NuM8U7Z,3.55605
Lay Low,PACANI,Lay Low,14-08-2024,42,https://open.spotify.com/track/3VjfSyx7WVSuqrXwC3tsHb,3VjfSyx7WVSuqrXwC3tsHb,2.504
MONTAGEM TOMADA - Slowed,MXZI,MONTAGEM TOMADA,21-03-2025,81,https://open.spotify.com/track/1mfvWzF39LwVpAm8g0LhQT,1mfvWzF39LwVpAm8g0LhQT,1.415016667
I Adore You (feat. Daecolm),HUGEL,I Adore You (feat. Daecolm),19-07-2024,87,https://open.spotify.com/track/5nPbKG04fhLkIAjcPFaZq7,5nPbKG04fhLkIAjcPFaZq7,3.566666667
I Like The Way You Kiss Me,Harddope,I Like the Way You Kiss Me,28-06-2024,62,https://open.spotify.com/track/6it64Jzw2oozPLRYPjkie6,6it64Jzw2oozPLRYPjkie6,2.325
Body,Badscandal,Body,29-11-2024,60,https://open.spotify.com/track/4BJ83GHwyDFvw0HQfjOK1s,4BJ83GHwyDFvw0HQfjOK1s,2.466666667
Ferrari,Cour,Ferrari,25-01-2023,0,https://open.spotify.com/track/5rOQ4YUZIxF9CSTcmjSrVN,5rOQ4YUZIxF9CSTcmjSrVN,2.128
Meet Me Halfway,Sandëro,Meet Me Halfway,11-04-2025,4,https://open.spotify.com/track/6LN9EOkfkBHK6iH3nzQXxm,6LN9EOkfkBHK6iH3nzQXxm,2.125183333
FE!N,CryJaxx,FE!N,29-01-2025,51,https://open.spotify.com/track/0C5MT3DWqlReChdj7bvS85,0C5MT3DWqlReChdj7bvS85,2.977766667
Where Are You Now,Nick Giardino,Where Are You Now,04-04-2025,37,https://open.spotify.com/track/3IIbBABjBz1LGcAxcsudBQ,3IIbBABjBz1LGcAxcsudBQ,2.354833333
The Monster,Gaullin,The Monster,28-03-2025,56,https://open.spotify.com/track/2LP02KzZ9zbLbzcI0aq3NK,2LP02KzZ9zbLbzcI0aq3NK,2.290316667
Popular,Lintrepy,Popular,14-03-2025,37,https://open.spotify.com/track/6ukoj0qiCa2bL2WFfbht0w,6ukoj0qiCa2bL2WFfbht0w,2.25
I Adore You,ANRY,I Adore You,28-02-2025,40,https://open.spotify.com/track/7AADUqL9LotiXuOX1x3odg,7AADUqL9LotiXuOX1x3odg,2.130783333
FERRARI FRIGHT,Scythermane,FERRARI FRIGHT,17-02-2025,50,https://open.spotify.com/track/2KLKOr4xwpWqf80x7DVrlt,2KLKOr4xwpWqf80x7DVrlt,1.426583333
OIIA OIIA,Hyper VIPER,OIIA OIIA,03-03-2025,53,https://open.spotify.com/track/7CPfXmk1PFeYPYyf5jSGNy,7CPfXmk1PFeYPYyf5jSGNy,2.078566667
CONTIGO (with Tiësto),KAROL G,CONTIGO (with Tiësto),15-02-2024,77,https://open.spotify.com/track/4UkUxO2WlKLc0Q1iEutGGh,4UkUxO2WlKLc0Q1iEutGGh,3.2131
FREE FUNK,Joinnus,FREE FUNK,14-03-2025,48,https://open.spotify.com/track/0n6jBBS8xPJLCaxhPQ7iDd,0n6jBBS8xPJLCaxhPQ7iDd,1.957133333
Enemy,Arc North,Enemy,04-03-2022,1,https://open.spotify.com/track/5o1QZzfsboTlxhoAPR36LA,5o1QZzfsboTlxhoAPR36LA,2.333333333
I Know You So Well,dnvn,I Know You So Well,07-02-2025,52,https://open.spotify.com/track/7txGSPCde3AuyEOzOYy32P,7txGSPCde3AuyEOzOYy32P,2.075
It’s A Miracle,SAMMY & LESEN,It’s A Miracle,17-01-2025,40,https://open.spotify.com/track/3cdYvrhDWATnutOFMW6OPJ,3cdYvrhDWATnutOFMW6OPJ,2.037033333
Freaks,TRFN,Freaks,13-12-2024,61,https://open.spotify.com/track/3XCGpKx1EaFA4sqgpQ2253,3XCGpKx1EaFA4sqgpQ2253,2.01935
Holding On,Liam Dakota,Holding On,15-01-2025,37,https://open.spotify.com/track/6iXmBzEcDNjkVZA23W0hCQ,6iXmBzEcDNjkVZA23W0hCQ,2.706383333
Boots On The Ground,Dillin Hoox,Boots On The Ground,28-03-2025,44,https://open.spotify.com/track/1ivflkKhXZXpPJbjcg3eOl,1ivflkKhXZXpPJbjcg3eOl,2.569516667
My Oh My,Blvck Cobrv,My Oh My,25-12-2024,40,https://open.spotify.com/track/0UIpK3ZiY33PXP5Jg63Pvt,0UIpK3ZiY33PXP5Jg63Pvt,2.642216667
Gravity,MetaBoy,Gravity,17-01-2025,52,https://open.spotify.com/track/2SrsEGgjFTgSLrk48DEwmy,2SrsEGgjFTgSLrk48DEwmy,2.2
Timelapse,HXPETRAIN,Timelapse,06-12-2024,39,https://open.spotify.com/track/6Tg7Zq9S1uAgoXdZ2Bj07y,6Tg7Zq9S1uAgoXdZ2Bj07y,2.188233333
ALONE,NEWER,ALONE,04-04-2025,32,https://open.spotify.com/track/4SjVlJNXiD48a0qkgRp30l,4SjVlJNXiD48a0qkgRp30l,3.09375
Goodbye,Blackjack,Goodbye,20-12-2024,37,https://open.spotify.com/track/2iInrRRBr6IjvfGKF1OVy2,2iInrRRBr6IjvfGKF1OVy2,3.166666667
BANGALORE,Cesqeaux,BANGALORE,28-03-2025,40,https://open.spotify.com/track/3FP428OcKBqMak48tuTEqP,3FP428OcKBqMak48tuTEqP,3.558616667
Face to Face (Let Me Love You),Sugar Jesus,Face to Face (Let Me Love You),13-03-2025,54,https://open.spotify.com/track/0KnZyt15wcngx4oA8VrBua,0KnZyt15wcngx4oA8VrBua,2.609366667
REVAMP,Alban Chela,REVAMP,08-01-2025,37,https://open.spotify.com/track/0mDGDS2k5KdHIZPV8Uzmvk,0mDGDS2k5KdHIZPV8Uzmvk,2.330866667
Jupiter,nashi,Jupiter,03-01-2025,36,https://open.spotify.com/track/7F2FME2SDWLXVvk125nDpY,7F2FME2SDWLXVvk125nDpY,2.019183333
More Than Ever (Umbrella),LEDUC,More Than Ever (Umbrella),21-03-2025,49,https://open.spotify.com/track/4uKulth6B1icBKdUQlQZhd,4uKulth6B1icBKdUQlQZhd,3.25
Beg You To Stay,Blue Violets,Beg You To Stay,01-01-2025,37,https://open.spotify.com/track/7goR8vzkBA7tL3c3D5rgJU,7goR8vzkBA7tL3c3D5rgJU,2.967816667
Shake - Original Mix,GonSu,Shake,27-12-2024,37,https://open.spotify.com/track/46nkm60k3Y1fvsF67a2O3a,46nkm60k3Y1fvsF67a2O3a,2.944433333
In My Bones,TEZIS,In My Bones,18-12-2024,38,https://open.spotify.com/track/13xLdD8IKmpkUp1A1Fb4b8,13xLdD8IKmpkUp1A1Fb4b8,2.112
Memories,BEATSMASH,Memories,13-12-2024,36,https://open.spotify.com/track/1JkniRo2OK9r2IkD9sT3UN,1JkniRo2OK9r2IkD9sT3UN,2.826666667
I’m Blue,B Martin,I’m Blue,10-04-2023,47,https://open.spotify.com/track/03YwkQZ5hPtKa3BBUmdCyn,03YwkQZ5hPtKa3BBUmdCyn,2.4375
Ram Pam Pam,MNA55,Ram Pam Pam,05-03-2025,53,https://open.spotify.com/track/7vDESC215QCg18046TZfWu,7vDESC215QCg18046TZfWu,2.832066667
Wolves,Nick Giardino,Wolves,11-12-2024,38,https://open.spotify.com/track/6QCDhGcMRdRwbT4lEshSvX,6QCDhGcMRdRwbT4lEshSvX,2.44715
Kill Vibe,NO FEELS,Kill Vibe,06-12-2024,35,https://open.spotify.com/track/2sC1KBTYFFFFl6iUnEKxyD,2sC1KBTYFFFFl6iUnEKxyD,2.2479
Faded,Arc North,Faded,24-11-2020,50,https://open.spotify.com/track/0BwuOCWqQM0P9SJWuzZlMv,0BwuOCWqQM0P9SJWuzZlMv,2.43615
You Don't Own Me,MetaBoy,You Don't Own Me,29-11-2024,37,https://open.spotify.com/track/45CrSrvgKXpXPk5cJinoWu,45CrSrvgKXpXPk5cJinoWu,2.722533333
Whispers In The Night,HXDES,Whispers In The Night,29-11-2024,43,https://open.spotify.com/track/6rpujYAIyLZBkPxDxZtlaf,6rpujYAIyLZBkPxDxZtlaf,2.106383333
Espresso,Blvck Cobrv,Espresso,27-11-2024,39,https://open.spotify.com/track/3SNQXDptHbuEwLY3bH5k4B,3SNQXDptHbuEwLY3bH5k4B,2.74285
Ice Cold,PHARØ,Ice Cold,22-11-2024,36,https://open.spotify.com/track/4JCif4GRYF9HeNAOB0fCYQ,4JCif4GRYF9HeNAOB0fCYQ,2.723866667
Plot Twist,EQRIC,Plot Twist,20-11-2024,37,https://open.spotify.com/track/7xunlpRQ8Hqz1bjMXRwfkF,7xunlpRQ8Hqz1bjMXRwfkF,2.125
In The Air Tonight,Blvck Cobrv,In The Air Tonight,15-11-2024,39,https://open.spotify.com/track/7zkYND3Pu655l7zjnjBo0W,7zkYND3Pu655l7zjnjBo0W,2.97025
Diamonds,PHURS,Diamonds,13-11-2024,37,https://open.spotify.com/track/2wCoctHJhNNGIhoptKivnz,2wCoctHJhNNGIhoptKivnz,2.5739
"Better Off (Alone, Pt. III)",Alan Walker,"Better Off (Alone, Pt. III)",28-09-2023,64,https://open.spotify.com/track/1P7hMSbpJOQy58eC78qx7s,1P7hMSbpJOQy58eC78qx7s,2.528366667
Angel,JAYEM,Angel,08-11-2024,34,https://open.spotify.com/track/1RNco0r3rFMVR3mmbo4sXD,1RNco0r3rFMVR3mmbo4sXD,2.861183333
Used To You,Ocean Roses,Used To You,25-10-2024,34,https://open.spotify.com/track/34TjlDfsM70A33BY12tlzu,34TjlDfsM70A33BY12tlzu,2.3492
Power,Devinity,Power,01-11-2024,33,https://open.spotify.com/track/5hdBy1fViWWvisCXJEBee0,5hdBy1fViWWvisCXJEBee0,2.277633333
Love The Way You Lie,LexMorris,Love The Way You Lie,30-10-2024,37,https://open.spotify.com/track/7spxZQzy7cQZEWRpJpquGc,7spxZQzy7cQZEWRpJpquGc,2.087266667
Stop The Time,Max Martis,Stop The Time,23-10-2024,36,https://open.spotify.com/track/7mLmkWYW9N4t1LuYNEqgl1,7mLmkWYW9N4t1LuYNEqgl1,2.456133333
Forget You,54GODART,Forget You,16-10-2024,37,https://open.spotify.com/track/19O0BdBm4c9mnTeXo3rA5w,19O0BdBm4c9mnTeXo3rA5w,2.2951
Blood Bath,n$vd,Blood Bath,04-12-2024,41,https://open.spotify.com/track/0rkxK1FXQGTujhdTcoKh4M,0rkxK1FXQGTujhdTcoKh4M,2.461533333
Mad World,54GODART,Mad World,11-10-2024,39,https://open.spotify.com/track/1chwWqQuolsjQ4RsDe0rnW,1chwWqQuolsjQ4RsDe0rnW,1.946416667
I’m Sure,Alosa,I’m Sure,04-10-2024,35,https://open.spotify.com/track/1EhJrIuXkockDlRan7RqUe,1EhJrIuXkockDlRan7RqUe,2.54545
Takeaway,TEZIS,Takeaway,02-10-2024,37,https://open.spotify.com/track/1rwR9L4zXn8cSzU1OIZ1mu,1rwR9L4zXn8cSzU1OIZ1mu,2.160383333
Make You Mine,PACANI,Make You Mine,20-06-2024,36,https://open.spotify.com/track/75gDzQR90fv7SZdJcf8xWd,75gDzQR90fv7SZdJcf8xWd,2.92685
Not Fair,Niklas Dee,Not Fair,02-06-2023,74,https://open.spotify.com/track/0JZ1ABjN8q7TNwMP39NjvU,0JZ1ABjN8q7TNwMP39NjvU,2.717233333
Youngblood,Arc North,Youngblood,04-03-2021,50,https://open.spotify.com/track/0RZfpx16X30FrmkNavzZM6,0RZfpx16X30FrmkNavzZM6,3.138616667
Mockingbird,Tiësto,Mockingbird,03-05-2024,77,https://open.spotify.com/track/2x4JC9TxW2LACuuxbsncfG,2x4JC9TxW2LACuuxbsncfG,2.580633333
NE MOGY,SKYXLINER,NE MOGY,01-01-2025,44,https://open.spotify.com/track/5EH1SOEk5b4FZywowRFxkC,5EH1SOEk5b4FZywowRFxkC,2.038766667
Tokyo Drift,ZODIVK,Tokyo Drift,23-06-2023,65,https://open.spotify.com/track/3dDzBfNFF5jekdxawoTPT7,3dDzBfNFF5jekdxawoTPT7,2.01665
"Fire! (feat. YUQI ((G)I-DLE), JVKE)",Alan Walker,"Fire! (feat. YUQI ((G)I-DLE), JVKE)",14-12-2023,64,https://open.spotify.com/track/5B8VpcIC3EAI3wke3XQoRy,5B8VpcIC3EAI3wke3XQoRy,2.0604
Unholy,Badscandal,Unholy,18-11-2022,1,https://open.spotify.com/track/4kpOjMPDIRrUrbGHXitVoC,4kpOjMPDIRrUrbGHXitVoC,2.41405
"Alone, Pt. II",Alan Walker,World Of Walker,26-11-2021,73,https://open.spotify.com/track/28VbwtsYnj85UEODGpQRem,28VbwtsYnj85UEODGpQRem,2.9842
Dreamer,Poylow,Dreamer,19-07-2024,33,https://open.spotify.com/track/7rlh0rKDQnYzWSM8ohtcmk,7rlh0rKDQnYzWSM8ohtcmk,2.418016667
Strangers,Goodscandal,Strangers,07-02-2024,0,https://open.spotify.com/track/33U3x4swx5bf7JvcaShAH4,33U3x4swx5bf7JvcaShAH4,2.28965
Single Soon,NUUD,Single Soon,05-04-2024,0,https://open.spotify.com/track/5v1CuJh4rPGY1TUC8AYWtw,5v1CuJh4rPGY1TUC8AYWtw,3.396216667
Calm Down,DJ Goja,Calm Down,19-09-2022,64,https://open.spotify.com/track/28Y0lMcpwX7eZyMVfhbaUm,28Y0lMcpwX7eZyMVfhbaUm,3.034466667
Fairy,Flame Runner,Fairy,19-08-2024,44,https://open.spotify.com/track/4cfzgP3wegTcjpC4pbmZow,4cfzgP3wegTcjpC4pbmZow,1.45185
Around the World (La La La La La),PACANI,Around the World (La La La La La),14-06-2024,35,https://open.spotify.com/track/6cvd4Ov4bMY2eh0UVq0oVh,6cvd4Ov4bMY2eh0UVq0oVh,2.443
Are You With Me,Catiso,Are You With Me,22-03-2024,0,https://open.spotify.com/track/5TXid1Z9uCMR6Yopp3nfSR,5TXid1Z9uCMR6Yopp3nfSR,2.17885
Murder,Maria Beyer,Murder,01-03-2024,36,https://open.spotify.com/track/79QqWQupJsjKu70GOVxG1E,79QqWQupJsjKu70GOVxG1E,3.193883333
Lost In Sound,ROY KNOX,Lost In Sound,23-03-2019,6,https://open.spotify.com/track/35LuknGQZ5kBbngf4tGSXg,35LuknGQZ5kBbngf4tGSXg,2.6266
Angel With A Shotgun,Ericovich,Angel With A Shotgun,13-07-2021,0,https://open.spotify.com/track/0AdNthpY5nOB70TJ3OxCt6,0AdNthpY5nOB70TJ3OxCt6,2.328116667
See You Again,Skan,See You Again,31-08-2022,0,https://open.spotify.com/track/4N7OgM0tMh7AQ12hRDq26e,4N7OgM0tMh7AQ12hRDq26e,2.139333333
Daddy DJ,Nito-Onna,Daddy DJ,16-08-2023,0,https://open.spotify.com/track/1xAFNU9ljlmM44P3gCdMft,1xAFNU9ljlmM44P3gCdMft,2.426666667
"Relax, Take It Easy",UNKLFNKL,"Relax, Take It Easy",15-09-2020,1,https://open.spotify.com/track/0d2rYcjjSDD0LZTbSvlZq2,0d2rYcjjSDD0LZTbSvlZq2,2.6984
Like This,Oleria,Like This,09-08-2024,32,https://open.spotify.com/track/7tuCZtayCd10OwoJsBXNPs,7tuCZtayCd10OwoJsBXNPs,2.578116667
365,NUUD,365,28-02-2024,0,https://open.spotify.com/track/5SYb7Gk14rZPphzY5FKiOh,5SYb7Gk14rZPphzY5FKiOh,2.5
Give It To You,Badscandal,Give It To You,14-06-2024,36,https://open.spotify.com/track/0fDFaK4A57o4DBiXgwi92o,0fDFaK4A57o4DBiXgwi92o,2.184833333
Blinded By Love,We Architects,Blinded By Love,27-09-2024,32,https://open.spotify.com/track/7zTMlX6QmcoC6gonUlb7tT,7zTMlX6QmcoC6gonUlb7tT,2.11475
Don't Know,Asura Ghai,Don't Know,18-09-2024,32,https://open.spotify.com/track/7iN4ZHxXNv5q3eKnM1kZkm,7iN4ZHxXNv5q3eKnM1kZkm,2.460483333
Selfish Lover,SAMMY & LESEN,Selfish Lover,13-09-2024,33,https://open.spotify.com/track/4YHUEjro00l8u8BuWr5vVM,4YHUEjro00l8u8BuWr5vVM,2.466666667
Pieces,KALUMA,Pieces,13-09-2024,34,https://open.spotify.com/track/6mtsrlRavnnUaprrKQtks2,6mtsrlRavnnUaprrKQtks2,2.333333333
Padam Padam,Ken,Padam Padam,03-05-2024,0,https://open.spotify.com/track/6ea7b6YPN9gLs4jugfFo5j,6ea7b6YPN9gLs4jugfFo5j,2.109116667
Kandy Krush,RezaDead,Kandy Krush,30-09-2024,41,https://open.spotify.com/track/40OiBPascgToVavt65HOov,40OiBPascgToVavt65HOov,1.580716667
2AM,5lowers,2AM,06-09-2024,36,https://open.spotify.com/track/3A3i8B3XJGtf8MDLbA7C2n,3A3i8B3XJGtf8MDLbA7C2n,1.90475
Down,Arc North,Down,02-07-2020,48,https://open.spotify.com/track/5R5MHlaeRb8g2RSRCQdRmR,5R5MHlaeRb8g2RSRCQdRmR,2.391666667
I Don’t Wanna Wait,Blvck Cobrv,I Don’t Wanna Wait,02-09-2024,40,https://open.spotify.com/track/2Nlus237tJV2EaiFfKm6qn,2Nlus237tJV2EaiFfKm6qn,2.8923
Bad News,Pokaraet,Bad News,30-08-2024,32,https://open.spotify.com/track/40Dr7SQB3CrfKydkJhcO8W,40Dr7SQB3CrfKydkJhcO8W,2.647533333
Feral Bliss,Pop Mage,Feral Bliss,20-09-2024,42,https://open.spotify.com/track/2mnx4umArCuQvPCxLuUpIn,2mnx4umArCuQvPCxLuUpIn,2.617883333
Rain Down On Me,5lowers,Rain Down On Me,28-08-2024,32,https://open.spotify.com/track/0tpipOKA3rlzdOYOtsNwOV,0tpipOKA3rlzdOYOtsNwOV,2.1587
Pumped Up Kicks,Dmitrii G,Pumped Up Kicks,21-08-2024,32,https://open.spotify.com/track/6bIEmgdWJAENcvjuu94Bsz,6bIEmgdWJAENcvjuu94Bsz,2.093733333
Not Enough,Daniel Bellomo,Not Enough,16-08-2024,31,https://open.spotify.com/track/3yZjmvMxpBCw0U2VBRY5Ba,3yZjmvMxpBCw0U2VBRY5Ba,2.991866667
Keep Falling,K3YN0T3,Keep Falling,09-08-2024,40,https://open.spotify.com/track/6AZOqls5Vgz0hwpWFvm3sJ,6AZOqls5Vgz0hwpWFvm3sJ,2.524266667
Lovable Killer,KiLLTEQ,Lovable Killer,07-08-2024,47,https://open.spotify.com/track/6qHgaIEixzL06nEwHBtaYw,6qHgaIEixzL06nEwHBtaYw,2.1
Don't Tell Me,Harddope,Don't Tell Me,02-08-2024,33,https://open.spotify.com/track/6oEAtKjP4iv32iahxTmUD2,6oEAtKjP4iv32iahxTmUD2,2.163933333
Holy - Radio Mix,GYMBRO,Holy,23-08-2024,53,https://open.spotify.com/track/1pNHscyiGTAAgoTzuqxjkU,1pNHscyiGTAAgoTzuqxjkU,2.567616667
Walk Away,Lost Sky,Walk Away,31-07-2024,37,https://open.spotify.com/track/1MM1ws5k1SmlpRAVZaGjKn,1MM1ws5k1SmlpRAVZaGjKn,3.490133333
We Collide,Van Snyder,We Collide,26-07-2024,37,https://open.spotify.com/track/7aL7nFhZ2LVkMaITdBPJ8I,7aL7nFhZ2LVkMaITdBPJ8I,1.95235
Play,PHURS,Play,15-05-2024,0,https://open.spotify.com/track/4ioyKIjJTnpTvUhhbpQmCt,4ioyKIjJTnpTvUhhbpQmCt,2.641416667
Sun Goes Down,Magnus Gunn,Sun Goes Down,24-07-2024,31,https://open.spotify.com/track/4plqHL5eQLPlmV4INEcuzI,4plqHL5eQLPlmV4INEcuzI,2.500566667
Slow It Down,Melodream,Slow It Down,17-07-2024,34,https://open.spotify.com/track/52tC0AVMbmQgZgPCoeVeu7,52tC0AVMbmQgZgPCoeVeu7,2.198766667
One Day,54GODART,One Day,05-07-2024,36,https://open.spotify.com/track/4OnmJFYgIuaH9IPmmEWxW9,4OnmJFYgIuaH9IPmmEWxW9,2.19105
Cupid,TEZIS,Cupid,03-07-2024,36,https://open.spotify.com/track/6LuAkbXtkvkR4vvUfIpZYU,6LuAkbXtkvkR4vvUfIpZYU,2.079166667
Get Out Alive,Corm!!,Get Out Alive,09-08-2024,30,https://open.spotify.com/track/3siC3ceMnodBAmogugkign,3siC3ceMnodBAmogugkign,3.4375
Favourite Song,Eniru,Favourite Song,28-06-2024,37,https://open.spotify.com/track/763l4E9fHvDqyrPi0IxCcT,763l4E9fHvDqyrPi0IxCcT,2.626983333
Training Season,PACANI,Training Season,27-06-2024,36,https://open.spotify.com/track/3nsTBwqBQMtEsauSsQrnI3,3nsTBwqBQMtEsauSsQrnI3,3.479666667
Forget Him,Rawanne,Forget Him,26-06-2024,31,https://open.spotify.com/track/0IPtKKYFMLkDluJYT1M9VW,0IPtKKYFMLkDluJYT1M9VW,2.541166667
Get You To The Moon,Twin,Get You To The Moon,21-06-2024,35,https://open.spotify.com/track/02QONrOMSLsmffpJIFbxsv,02QONrOMSLsmffpJIFbxsv,2.4065
Make It Feel Like Home,5lowers,Make It Feel Like Home,19-06-2024,35,https://open.spotify.com/track/2FwfoBUlpE3gWIyulGYMfZ,2FwfoBUlpE3gWIyulGYMfZ,2.190466667
Dangerous Game,Used,Dangerous Game,05-07-2024,39,https://open.spotify.com/track/6prAk2bdkEmjsWBbxOhM8m,6prAk2bdkEmjsWBbxOhM8m,2.666666667
Spiders,AFROUZEN,Spiders,12-06-2024,33,https://open.spotify.com/track/19mHslHPZNc4MIJY2A1ant,19mHslHPZNc4MIJY2A1ant,2.349183333
Spot In Hell,MANSA,Spot In Hell,07-06-2024,33,https://open.spotify.com/track/5iNFhUdXkTEQS95HcqfMUW,5iNFhUdXkTEQS95HcqfMUW,2.492533333
Dance Monkey,Goodscandal,Dance Monkey,05-06-2024,37,https://open.spotify.com/track/2QSEvmPPcbwNJkuevmpN5P,2QSEvmPPcbwNJkuevmpN5P,2.5913
Feel The Light,Dream Chaos,Feel The Light,03-06-2024,35,https://open.spotify.com/track/3dNBpWFMs0URXltRHcdiw8,3dNBpWFMs0URXltRHcdiw8,2.311333333
God Is A Girl,Ericovich,God Is A Girl,04-07-2022,0,https://open.spotify.com/track/3fSsjh3OqyYf952DQoa5CJ,3fSsjh3OqyYf952DQoa5CJ,2.165516667
You & I,CRÜPO,You & I,09-05-2024,37,https://open.spotify.com/track/3OpDKm2qS44I6LFQS9Gxca,3OpDKm2qS44I6LFQS9Gxca,2.650783333
Heart Dance,Lew Heart,Heart Dance,31-05-2024,32,https://open.spotify.com/track/2bngLgjkrl1ewmoxh0gVUY,2bngLgjkrl1ewmoxh0gVUY,2.918366667
Crazy What Love Can Do,Goodscandal,Crazy What Love Can Do,29-05-2024,33,https://open.spotify.com/track/2Dxi407t6O3UcgOCz0p88R,2Dxi407t6O3UcgOCz0p88R,2.439016667
Back To You,Ben Leuman,Back To You,24-05-2024,35,https://open.spotify.com/track/5HufCYoadzHAYtKd5bnIHh,5HufCYoadzHAYtKd5bnIHh,2.3
Believe,BIMONTE,Believe,22-05-2024,39,https://open.spotify.com/track/3hSj8LCHQULmQIkMh2Pct3,3hSj8LCHQULmQIkMh2Pct3,2.044433333
Pace Of Time,Max Martis,Pace Of Time,17-05-2024,34,https://open.spotify.com/track/6McWPrixUAAoF5f2WCfy5E,6McWPrixUAAoF5f2WCfy5E,2.714283333
Unholy,Mandrazo,Unholy,31-03-2023,17,https://open.spotify.com/track/24bpS9N85CjkmiHE2wbeWC,24bpS9N85CjkmiHE2wbeWC,2.945233333
Knight Rider,Alfons,Knight Rider,15-04-2022,0,https://open.spotify.com/track/388Qk5MTCyVQ6eYlX4UF8o,388Qk5MTCyVQ6eYlX4UF8o,2.625883333
Make You Mine,chicago city,Make You Mine,26-04-2024,35,https://open.spotify.com/track/53vEvWGCty93G4IFqntwaB,53vEvWGCty93G4IFqntwaB,2.950083333
Tourner Dans Le Vide,Badscandal,Tourner Dans Le Vide,10-05-2023,1,https://open.spotify.com/track/06JH2mOEyuS3TSWvhdPNe9,06JH2mOEyuS3TSWvhdPNe9,2.677416667
Other Boys,Capri Everitt,Other Boys,17-04-2024,34,https://open.spotify.com/track/0VGsTItSolhZNK49B5mGco,0VGsTItSolhZNK49B5mGco,2.002
In My Mind,Nito-Onna,In My Mind,19-04-2024,0,https://open.spotify.com/track/4pcDCywd0so3YEkFnapxCY,4pcDCywd0so3YEkFnapxCY,2.5003
Greedy,TEZIS,Greedy,10-05-2024,36,https://open.spotify.com/track/2JTsaElTi9znD8qIaIXwoA,2JTsaElTi9znD8qIaIXwoA,1.954
In My Mind,LexMorris,In My Mind,21-07-2023,0,https://open.spotify.com/track/4MQLQCRPg6SEsQD2LIKjui,4MQLQCRPg6SEsQD2LIKjui,3.079166667
INSOMNIA,5UNDER,INSOMNIA,26-10-2023,30,https://open.spotify.com/track/0sNfWQTdVCUCUpwOANLE7f,0sNfWQTdVCUCUpwOANLE7f,2.4154
Meltdown,PACANI,Meltdown,01-05-2024,0,https://open.spotify.com/track/6qHJ9I3CatmCgPyDUPj17b,6qHJ9I3CatmCgPyDUPj17b,1.89565
Water,Goodscandal,Water,29-04-2024,37,https://open.spotify.com/track/2jmFPpLaqFHwIAGnC2VoJy,2jmFPpLaqFHwIAGnC2VoJy,2.552833333
Running To You,PRIYANX,Running To You,26-04-2024,30,https://open.spotify.com/track/1ScxRU9IdzoVfBcTbcXK9M,1ScxRU9IdzoVfBcTbcXK9M,3.275
Murder,Maria Beyer,Murder,01-03-2024,0,https://open.spotify.com/track/2k73WHDLp5miZABU0p5Vsh,2k73WHDLp5miZABU0p5Vsh,3.193883333
Smooth Talker,MANSA,Smooth Talker,24-04-2024,34,https://open.spotify.com/track/3siVO0J69r4aT1pvLliihw,3siVO0J69r4aT1pvLliihw,3.011483333
Never Coming Back,Yohan Gerber,Never Coming Back,22-11-2023,0,https://open.spotify.com/track/3c4gsWGItDLKjmt2TTfrAo,3c4gsWGItDLKjmt2TTfrAo,2.283683333
I Like It,STICKY KEY,I Like It,12-04-2024,34,https://open.spotify.com/track/3sbumXc8rJWxkuwLYgpmNB,3sbumXc8rJWxkuwLYgpmNB,2.925333333
Waiting For Love,Medusa,Waiting For Love,10-04-2024,0,https://open.spotify.com/track/7q4fQcQ6Cg6t7YSjEN985H,7q4fQcQ6Cg6t7YSjEN985H,2.625233333
Addicted To You,Yooniq,Addicted To You,02-05-2024,30,https://open.spotify.com/track/2q8YVcMTQxffFAreMnDbKO,2q8YVcMTQxffFAreMnDbKO,2.368
Tattoo,Medusa,Tattoo,03-04-2024,0,https://open.spotify.com/track/3PZvmAYQXvBT8vgq1FPTe2,3PZvmAYQXvBT8vgq1FPTe2,2.3812
Heartbreaker,Marco Nobel,Heartbreaker,02-05-2024,33,https://open.spotify.com/track/3Ab6itUK4YvMO4xQntAkdz,3Ab6itUK4YvMO4xQntAkdz,2.398433333
Whistle,54GODART,Whistle,27-03-2024,36,https://open.spotify.com/track/4OgcRzUp2nzHg5G37mYpxU,4OgcRzUp2nzHg5G37mYpxU,2.5
Diamonds,Twin,Diamonds,20-03-2024,0,https://open.spotify.com/track/3dtJ55Ach87WnkZE6b76Aj,3dtJ55Ach87WnkZE6b76Aj,2.604166667
What It Is,PACANI,What It Is,21-02-2024,0,https://open.spotify.com/track/02ldEwkyBMwWI4C05FLOJ9,02ldEwkyBMwWI4C05FLOJ9,1.914666667
Cruel Summer,PACANI,Cruel Summer,09-02-2024,0,https://open.spotify.com/track/5zXtN3gwP7MKSJVhNqCZw5,5zXtN3gwP7MKSJVhNqCZw5,2.554166667
Desire,LØST SIGNAL,Desire,16-02-2024,0,https://open.spotify.com/track/5S4HHmkFzF0CKWSb74Il6d,5S4HHmkFzF0CKWSb74Il6d,2.593816667
Unstoppable,Twin,Unstoppable,14-02-2024,0,https://open.spotify.com/track/1mpPYC2iqcRW0bR6PQQyK8,1mpPYC2iqcRW0bR6PQQyK8,2.39315
Chemical,PACANI,Chemical,07-02-2024,0,https://open.spotify.com/track/4Ehj6SQPQexxqHVaDwUpU9,4Ehj6SQPQexxqHVaDwUpU9,1.843466667
Maps,LexMorris,Maps,02-02-2024,0,https://open.spotify.com/track/382Pxisn0OCFwSDfdcu7hl,382Pxisn0OCFwSDfdcu7hl,2.36895
Wish You The Best,Mentol,Wish You The Best,31-01-2024,0,https://open.spotify.com/track/6yvESUAgTaY3Ht8POlCKyS,6yvESUAgTaY3Ht8POlCKyS,3.3354
Take Two,SANDICE,Take Two,13-03-2024,33,https://open.spotify.com/track/2pIlvPBnCIvTWZzQEB4qi0,2pIlvPBnCIvTWZzQEB4qi0,2.625
Toxic,Badscandal,Toxic,08-12-2023,0,https://open.spotify.com/track/4vltnXuPOC20fiamVt2k6b,4vltnXuPOC20fiamVt2k6b,2.34965
Strangers,Goodscandal,Strangers,06-03-2024,0,https://open.spotify.com/track/5nwhOWdIRJbKNsElLPDADo,5nwhOWdIRJbKNsElLPDADo,3.093016667
House Of The Rising Sun,Harddope,House Of The Rising Sun,20-10-2023,0,https://open.spotify.com/track/31mgz2xpyiAWCF1lUSpRFd,31mgz2xpyiAWCF1lUSpRFd,2.944433333
Times,MOHA,Times,23-08-2023,0,https://open.spotify.com/track/7HNgJIMInpENnM1s5bkVqb,7HNgJIMInpENnM1s5bkVqb,3.1421
Love Tonight,Yellow Pvnk,Love Tonight,26-01-2024,0,https://open.spotify.com/track/4w2JOoeCKXeeKk8B9RJdXx,4w2JOoeCKXeeKk8B9RJdXx,2.317516667
Prisoner,Badscandal,Prisoner,08-09-2023,0,https://open.spotify.com/track/19jPdSwjman125tEcnV1CW,19jPdSwjman125tEcnV1CW,2.5
I'm Not Sorry,Scity,I'm Not Sorry,12-10-2023,30,https://open.spotify.com/track/24pnXiaLozmBLjI1e21gkV,24pnXiaLozmBLjI1e21gkV,2.65815
Baby Don't Hurt Me,Harddope,Baby Don't Hurt Me,05-01-2024,0,https://open.spotify.com/track/3tyz9UYdWTiOp6ynpWMQ4x,3tyz9UYdWTiOp6ynpWMQ4x,2.218733333
Numb,Nito-Onna,Numb,22-09-2023,0,https://open.spotify.com/track/4E54cBjkdaS8LzuLRBUnb6,4E54cBjkdaS8LzuLRBUnb6,3.525
Collide,Badscandal,Collide,03-11-2023,0,https://open.spotify.com/track/5rtPyuhgDuiTWpIn3Rx1Vf,5rtPyuhgDuiTWpIn3Rx1Vf,2.109366667
Flowers,Badscandal,Flowers,03-04-2023,0,https://open.spotify.com/track/0DgBCBIG5IQ04XsKcPaQvt,0DgBCBIG5IQ04XsKcPaQvt,3.0645
7 Rings,Badscandal,7 Rings,27-09-2023,0,https://open.spotify.com/track/6A4Mv4XAe3QPv5hw8dUb1W,6A4Mv4XAe3QPv5hw8dUb1W,2.171416667
I’m Blue,B Martin,I’m Blue,10-04-2023,0,https://open.spotify.com/track/2uj0n4AAusMZ5CUBnyqFD2,2uj0n4AAusMZ5CUBnyqFD2,2.4375
Lonely,Yellow Pvnk,Lonely,05-07-2023,0,https://open.spotify.com/track/009bhAALBbxhouebgFpbvN,009bhAALBbxhouebgFpbvN,2.25215
Falling Down,Yellow Pvnk,Falling Down,23-06-2023,0,https://open.spotify.com/track/52EQUcRiDqxjcj9vTHL38r,52EQUcRiDqxjcj9vTHL38r,2.314283333
Stereo Hearts,EQRIC,Stereo Hearts,20-01-2023,5,https://open.spotify.com/track/2aEAAUhIt2Vii8eynSgcU4,2aEAAUhIt2Vii8eynSgcU4,2.1869
Let Me Love You,EQRIC,Let Me Love You,18-03-2021,5,https://open.spotify.com/track/5Boge0upxODhs491LWtAwl,5Boge0upxODhs491LWtAwl,2.354083333
All Night (BeTheMeister Edit),Vanillaz,All Night (BeTheMeister Edit),27-07-2023,30,https://open.spotify.com/track/58eczM0KR35OQN0WXSEwee,58eczM0KR35OQN0WXSEwee,2.926816667
Lily,ISAEV,Lily,24-02-2023,0,https://open.spotify.com/track/4tVhDkvh6N4lrTyNeZHYuz,4tVhDkvh6N4lrTyNeZHYuz,2.5721
Apologize,Besomorph,Apologize,08-05-2020,5,https://open.spotify.com/track/0Uo43DNldd7aNxizhKgowg,0Uo43DNldd7aNxizhKgowg,2.44335
I’m Good,Yohan Gerber,I’m Good,19-05-2023,0,https://open.spotify.com/track/2aZL4EjY5aPKWTO7RKuWiy,2aZL4EjY5aPKWTO7RKuWiy,2.376
Down,Arc North,Down,02-07-2020,1,https://open.spotify.com/track/6nQZG4G0vIrQWaCGbqHCQn,6nQZG4G0vIrQWaCGbqHCQn,2.391666667
Chandelier,Besomage,Chandelier,04-01-2023,0,https://open.spotify.com/track/1Ea8I3MoGx36FfAmrjzo1r,1Ea8I3MoGx36FfAmrjzo1r,2.29565
